Run,Assay Type,AvgSpotLen,Bases,BioProject,BioSample,Bytes,Center Name,Consent,DATASTORE filetype,DATASTORE provider,DATASTORE region,Experiment,Instrument,LibraryLayout,LibrarySelection,LibrarySource,Organism,Platform,ReleaseDate,Sample Name,SRA Study,GEO_Accession (exp),lab,create_date,version,AGE,sex,sample_type,donor_id,tissue,dev_stage,health_state,source_name,source,biomaterial_provider,cell_organism,datatype_description,datatype,lab_description,Library Name,strain_description,age_description,cell_sex,labversion,strain,cell_description,cell,replicate,labexpid,antibody,control_description,control,controlid,antibody_antibodydescription,antibody_targetdescription,antibody_vendorid,antibody_vendorname,Description,softwareversion,Donor,note,instrument_model (run),biomaterial_type,cell_type,cell_line,treatment_description,treatment,tissue_type,antibody_description,Line,replicate_description,read_name_barcode_proc_directive (run),collection_date,ENCODE_accession,geo_loc_name_country,geo_loc_name_country_continent,geographic_location,treatments,labversion_description,AssemblyName,model_organism_mating_status,softwareversion_description
SRR14305003,ATAC-seq,100,3823961188,PRJNA63471,SAMN04284046,1626590100,GEO,public,"fastq,run.zq,sra","gs,ncbi,s3","gs.us-east1,ncbi.public,s3.us-east-1",SRX10660653,Illumina HiSeq 4000,PAIRED,other,GENOMIC,Mus musculus,ILLUMINA,2021-04-28T00:00:00Z,ENCODE biosample ENCBS279BWR,SRP013703,GSM5258296,"Len Pennacchio, LBNL",2021-04-28T09:20:00Z,1,16.5 day,pooled male and female,tissue,ENCDO956IXV,liver,embryonic,healthy,,,,,,,,,,,,,,,,,,,,,,,,,,,,,,,,,,,,,,,,,,,,,,,,,,
SRR14305004,ATAC-seq,99,3249101686,PRJNA63471,SAMN04284038,1406216813,GEO,public,"fastq,run.zq,sra","gs,ncbi,s3","gs.us-east1,ncbi.public,s3.us-east-1",SRX10660654,Illumina HiSeq 4000,PAIRED,other,GENOMIC,Mus musculus,ILLUMINA,2021-04-28T00:00:00Z,ENCODE biosample ENCBS236CDJ,SRP013703,GSM5258297,"Len Pennacchio, LBNL",2021-04-28T10:41:00Z,1,16.5 day,pooled male and female,tissue,ENCDO956IXV,liver,embryonic,healthy,,,,,,,,,,,,,,,,,,,,,,,,,,,,,,,,,,,,,,,,,,,,,,,,,,
SRR14305013,ATAC-seq,100,4381510873,PRJNA63471,SAMN04284068,1994588483,GEO,public,"fastq,run.zq,sra","gs,ncbi,s3","gs.us-east1,ncbi.public,s3.us-east-1",SRX10660660,Illumina HiSeq 4000,PAIRED,other,GENOMIC,Mus musculus,ILLUMINA,2021-04-28T00:00:00Z,ENCODE biosample ENCBS381PEJ,SRP013703,GSM5258303,"Len Pennacchio, LBNL",2021-04-28T01:22:00Z,1,15.5 day,pooled male and female,tissue,ENCDO956IXV,midbrain,embryonic,healthy,,,,,,,,,,,,,,,,,,,,,,,,,,,,,,,,,,,,,,,,,,,,,,,,,,
SRR14305014,ATAC-seq,100,6058089371,PRJNA63471,SAMN04284027,2766530045,GEO,public,"fastq,run.zq,sra","gs,ncbi,s3","gs.us-east1,ncbi.public,s3.us-east-1",SRX10660661,Illumina HiSeq 4000,PAIRED,other,GENOMIC,Mus musculus,ILLUMINA,2021-04-28T00:00:00Z,ENCODE biosample ENCBS190ETJ,SRP013703,GSM5258304,"Len Pennacchio, LBNL",2021-04-28T02:59:00Z,1,15.5 day,pooled male and female,tissue,ENCDO956IXV,midbrain,embryonic,healthy,,,,,,,,,,,,,,,,,,,,,,,,,,,,,,,,,,,,,,,,,,,,,,,,,,
SRR14305032,ATAC-seq,48,4703549136,PRJNA63471,SAMN18814565,3060429516,GEO,public,"fastq,run.zq,sra","gs,ncbi,s3","gs.us-east1,ncbi.public,s3.us-east-1",SRX10660673,Illumina HiSeq 2000,SINGLE,other,GENOMIC,Mus musculus,ILLUMINA,2021-04-27T00:00:00Z,ENCODE biosample ENCBS360KWM,SRP013703,GSM5258337,"Ross Hardison, PennState",2021-04-27T22:48:00Z,1,5-6 week,male,primary cell,ENCDO072AAA,,adult,,,David Bodine,,,,,,,,,,,,,,,,,,,,,,,,,,,,,,granulocyte monocyte progenitor cell,,,,,,,,,,,,,,,,,,
SRR14305034,ATAC-seq,48,5860989984,PRJNA63471,SAMN18814559,3792331367,GEO,public,"fastq,run.zq,sra","gs,ncbi,s3","gs.us-east1,ncbi.public,s3.us-east-1",SRX10660674,Illumina HiSeq 2000,SINGLE,other,GENOMIC,Mus musculus,ILLUMINA,2021-04-27T00:00:00Z,ENCODE biosample ENCBS144DIM,SRP013703,GSM5258338,"Ross Hardison, PennState",2021-04-27T15:17:00Z,1,5-6 week,male,primary cell,ENCDO072AAA,,adult,,,David Bodine,,,,,,,,,,,,,,,,,,,,,,,,,,,,,,granulocyte monocyte progenitor cell,,,,,,,,,,,,,,,,,,
SRR14305067,ATAC-seq,100,4233790790,PRJNA63471,SAMN05202037,1874711063,GEO,public,"fastq,run.zq,sra","gs,ncbi,s3","gs.us-east1,ncbi.public,s3.us-east-1",SRX10660694,Illumina HiSeq 4000,PAIRED,other,GENOMIC,Mus musculus,ILLUMINA,2021-04-28T00:00:00Z,ENCODE biosample ENCBS569AAA,SRP013703,GSM5258358,"Len Pennacchio, LBNL",2021-04-28T04:32:00Z,1,14.5 day,pooled male and female,tissue,ENCDO469XMJ,kidney,embryonic,healthy,,,,,,,,,,,,,,,,,,,,,,,,,,,,,,,,,,,,,,,,,,,,,,,,,,
SRR14305068,ATAC-seq,100,2835184595,PRJNA63471,SAMN04284174,1264920581,GEO,public,"fastq,run.zq,sra","gs,ncbi,s3","gs.us-east1,ncbi.public,s3.us-east-1",SRX10660695,Illumina HiSeq 4000,PAIRED,other,GENOMIC,Mus musculus,ILLUMINA,2021-04-28T00:00:00Z,ENCODE biosample ENCBS900XQR,SRP013703,GSM5258359,"Len Pennacchio, LBNL",2021-04-28T09:14:00Z,1,15.5 day,pooled male and female,tissue,ENCDO956IXV,embryonic facial prominence,embryonic,healthy,,,,,,,,,,,,,,,,,,,,,,,,,,,,,,,,,,,,,,,,,,,,,,,,,,
SRR14305083,ATAC-seq,100,4917294749,PRJNA63471,SAMN04284194,2217985316,GEO,public,"fastq,run.zq,sra","gs,ncbi,s3","gs.us-east1,ncbi.public,s3.us-east-1",SRX10660707,Illumina HiSeq 4000,PAIRED,other,GENOMIC,Mus musculus,ILLUMINA,2021-04-28T00:00:00Z,ENCODE biosample ENCBS976DPO,SRP013703,GSM5258371,"Len Pennacchio, LBNL",2021-04-28T09:52:00Z,1,11.5 day,pooled male and female,tissue,ENCDO956IXV,hindbrain,embryonic,healthy,,,,,,,,,,,,,,,,,,,,,,,,,,,,,,,,,,,,,,,,,,,,,,,,,,
SRR14305084,ATAC-seq,100,8703772312,PRJNA63471,SAMN04284030,3886369819,GEO,public,"fastq,run.zq,sra","gs,ncbi,s3","gs.us-east1,ncbi.public,s3.us-east-1",SRX10660708,Illumina HiSeq 4000,PAIRED,other,GENOMIC,Mus musculus,ILLUMINA,2021-04-27T00:00:00Z,ENCODE biosample ENCBS199NDR,SRP013703,GSM5258372,"Len Pennacchio, LBNL",2021-04-27T22:39:00Z,1,11.5 day,pooled male and female,tissue,ENCDO956IXV,hindbrain,embryonic,healthy,,,,,,,,,,,,,,,,,,,,,,,,,,,,,,,,,,,,,,,,,,,,,,,,,,
SRR14305088,ATAC-seq,48,4724712432,PRJNA63471,SAMN18814570,3133167928,GEO,public,"fastq,run.zq,sra","gs,ncbi,s3","gs.us-east1,ncbi.public,s3.us-east-1",SRX10660712,Illumina HiSeq 2000,SINGLE,other,GENOMIC,Mus musculus,ILLUMINA,2021-04-27T00:00:00Z,ENCODE biosample ENCBS827KTO,SRP013703,GSM5258384,"Ross Hardison, PennState",2021-04-27T15:13:00Z,1,5-6 week,male,primary cell,ENCDO072AAA,,adult,,,David Bodine,,,,,,,,,,,,,,,,,,,,,,,,,,,,,,megakaryocyte,,,,,,,,,,,,,,,,,,
SRR14305089,ATAC-seq,48,1983988368,PRJNA63471,SAMN18814570,709769563,GEO,public,"fastq,run.zq,sra","gs,ncbi,s3","gs.us-east1,ncbi.public,s3.us-east-1",SRX10660712,Illumina HiSeq 2000,SINGLE,other,GENOMIC,Mus musculus,ILLUMINA,2021-04-27T00:00:00Z,ENCODE biosample ENCBS827KTO,SRP013703,GSM5258384,"Ross Hardison, PennState",2021-04-27T22:09:00Z,1,5-6 week,male,primary cell,ENCDO072AAA,,adult,,,David Bodine,,,,,,,,,,,,,,,,,,,,,,,,,,,,,,megakaryocyte,,,,,,,,,,,,,,,,,,
SRR14305099,ATAC-seq,100,5371806047,PRJNA63471,SAMN04284134,2402549060,GEO,public,"fastq,run.zq,sra","gs,ncbi,s3","gs.us-east1,ncbi.public,s3.us-east-1",SRX10660720,Illumina HiSeq 4000,PAIRED,other,GENOMIC,Mus musculus,ILLUMINA,2021-04-28T00:00:00Z,ENCODE biosample ENCBS745VOM,SRP013703,GSM5258398,"Len Pennacchio, LBNL",2021-04-28T04:55:00Z,1,11.5 day,pooled male and female,tissue,ENCDO956IXV,forebrain,embryonic,healthy,,,,,,,,,,,,,,,,,,,,,,,,,,,,,,,,,,,,,,,,,,,,,,,,,,
SRR14305100,ATAC-seq,100,5307246868,PRJNA63471,SAMN04284126,2381338037,GEO,public,"fastq,run.zq,sra","gs,ncbi,s3","gs.us-east1,ncbi.public,s3.us-east-1",SRX10660721,Illumina HiSeq 4000,PAIRED,other,GENOMIC,Mus musculus,ILLUMINA,2021-04-28T00:00:00Z,ENCODE biosample ENCBS720JOH,SRP013703,GSM5258399,"Len Pennacchio, LBNL",2021-04-28T05:36:00Z,1,11.5 day,pooled male and female,tissue,ENCDO956IXV,forebrain,embryonic,healthy,,,,,,,,,,,,,,,,,,,,,,,,,,,,,,,,,,,,,,,,,,,,,,,,,,
SRR14305121,ATAC-seq,50,3735195350,PRJNA63471,SAMN18814518,1314282069,GEO,public,"fastq,run.zq,sra","gs,ncbi,s3","gs.us-east1,ncbi.public,s3.us-east-1",SRX10660740,Illumina HiSeq 2000,SINGLE,other,GENOMIC,Mus musculus,ILLUMINA,2021-04-28T00:00:00Z,ENCODE biosample ENCBS431QXW,SRP013703,GSM5258418,"Ross Hardison, PennState",2021-04-28T09:30:00Z,1,0 day,male,cell line,ENCDO072AAA,,postnatal,,,Unknown Source,,,,,,,,,,,,,,,,,,,,,,,,,,,,,,,G1E,,,,,,,,,,,,,,,,,
SRR14305122,ATAC-seq,50,3064422700,PRJNA63471,SAMN18814520,1075874153,GEO,public,"fastq,run.zq,sra","gs,ncbi,s3","gs.us-east1,ncbi.public,s3.us-east-1",SRX10660741,Illumina HiSeq 2000,SINGLE,other,GENOMIC,Mus musculus,ILLUMINA,2021-04-28T00:00:00Z,ENCODE biosample ENCBS566SQH,SRP013703,GSM5258419,"Ross Hardison, PennState",2021-04-28T07:08:00Z,1,0 day,male,cell line,ENCDO072AAA,,postnatal,,,Unknown Source,,,,,,,,,,,,,,,,,,,,,,,,,,,,,,,G1E,,,,,,,,,,,,,,,,,
SRR14305138,ATAC-seq,100,3042803381,PRJNA63471,SAMN04284023,1412397598,GEO,public,"fastq,run.zq,sra","gs,ncbi,s3","gs.us-east1,ncbi.public,s3.us-east-1",SRX10660754,Illumina HiSeq 4000,PAIRED,other,GENOMIC,Mus musculus,ILLUMINA,2021-04-28T00:00:00Z,ENCODE biosample ENCBS183YVD,SRP013703,GSM5258475,"Len Pennacchio, LBNL",2021-04-28T09:18:00Z,1,11.5 day,pooled male and female,tissue,ENCDO956IXV,neural tube,embryonic,healthy,,,,,,,,,,,,,,,,,,,,,,,,,,,,,,,,,,,,,,,,,,,,,,,,,,
SRR14305139,ATAC-seq,101,5347984801,PRJNA63471,SAMN18814542,2425066699,GEO,public,"fastq,run.zq,sra","gs,ncbi,s3","gs.us-east1,ncbi.public,s3.us-east-1",SRX10660755,Illumina HiSeq 4000,PAIRED,other,GENOMIC,Mus musculus,ILLUMINA,2021-04-28T00:00:00Z,ENCODE biosample ENCBS654KOE,SRP013703,GSM5258476,"Len Pennacchio, LBNL",2021-04-28T03:07:00Z,1,11.5 day,pooled male and female,tissue,ENCDO956IXV,neural tube,embryonic,healthy,,Len Pennacchio,,,,,,,,,,,,,,,,,,,,,,,,,,,,,,,,,,,,,,,,,,,,,,,,
SRR14305165,ATAC-seq,100,4960349622,PRJNA63471,SAMN04284183,2188999734,GEO,public,"fastq,run.zq,sra","gs,ncbi,s3","gs.us-east1,ncbi.public,s3.us-east-1",SRX10660779,Illumina HiSeq 4000,PAIRED,other,GENOMIC,Mus musculus,ILLUMINA,2021-04-27T00:00:00Z,ENCODE biosample ENCBS924ZKF,SRP013703,GSM5258482,"Len Pennacchio, LBNL",2021-04-27T22:28:00Z,1,15.5 day,pooled male and female,tissue,ENCDO956IXV,kidney,embryonic,healthy,,,,,,,,,,,,,,,,,,,,,,,,,,,,,,,,,,,,,,,,,,,,,,,,,,
SRR14305166,ATAC-seq,100,4219103503,PRJNA63471,SAMN04284173,1877363600,GEO,public,"fastq,run.zq,sra","gs,ncbi,s3","gs.us-east1,ncbi.public,s3.us-east-1",SRX10660780,Illumina HiSeq 4000,PAIRED,other,GENOMIC,Mus musculus,ILLUMINA,2021-04-28T00:00:00Z,ENCODE biosample ENCBS899UOK,SRP013703,GSM5258483,"Len Pennacchio, LBNL",2021-04-28T07:50:00Z,1,15.5 day,pooled male and female,tissue,ENCDO956IXV,kidney,embryonic,healthy,,,,,,,,,,,,,,,,,,,,,,,,,,,,,,,,,,,,,,,,,,,,,,,,,,
SRR14305187,ATAC-seq,100,2380554370,PRJNA63471,SAMN05202057,1071323618,GEO,public,"fastq,run.zq,sra","gs,ncbi,s3","gs.us-east1,ncbi.public,s3.us-east-1",SRX10660798,Illumina HiSeq 4000,PAIRED,other,GENOMIC,Mus musculus,ILLUMINA,2021-04-28T00:00:00Z,ENCODE biosample ENCBS047UII,SRP013703,GSM5258507,"Len Pennacchio, LBNL",2021-04-28T09:13:00Z,1,12.5 day,pooled male and female,tissue,ENCDO956IXV,embryonic facial prominence,embryonic,healthy,,,,,,,,,,,,,,,,,,,,,,,,,,,,,,,,,,,,,,,,,,,,,,,,,,
SRR14305188,ATAC-seq,100,2517188659,PRJNA63471,SAMN05202058,1129525609,GEO,public,"fastq,run.zq,sra","gs,ncbi,s3","gs.us-east1,ncbi.public,s3.us-east-1",SRX10660799,Illumina HiSeq 4000,PAIRED,other,GENOMIC,Mus musculus,ILLUMINA,2021-04-27T00:00:00Z,ENCODE biosample ENCBS399GYO,SRP013703,GSM5258508,"Len Pennacchio, LBNL",2021-04-27T15:54:00Z,1,12.5 day,pooled male and female,tissue,ENCDO956IXV,embryonic facial prominence,embryonic,healthy,,,,,,,,,,,,,,,,,,,,,,,,,,,,,,,,,,,,,,,,,,,,,,,,,,
SRR14305190,ATAC-seq,100,6859535412,PRJNA63471,SAMN04284094,2982655827,GEO,public,"fastq,run.zq,sra","gs,ncbi,s3","gs.us-east1,ncbi.public,s3.us-east-1",SRX10660801,Illumina HiSeq 4000,PAIRED,other,GENOMIC,Mus musculus,ILLUMINA,2021-04-28T00:00:00Z,ENCODE biosample ENCBS522YOW,SRP013703,GSM5258510,"Len Pennacchio, LBNL",2021-04-28T09:33:00Z,1,11.5 day,pooled male and female,tissue,ENCDO956IXV,liver,embryonic,healthy,,,,,,,,,,,,,,,,,,,,,,,,,,,,,,,,,,,,,,,,,,,,,,,,,,
SRR14305191,ATAC-seq,99,3837427638,PRJNA63471,SAMN18814540,1678601248,GEO,public,"fastq,run.zq,sra","gs,ncbi,s3","gs.us-east1,ncbi.public,s3.us-east-1",SRX10660802,Illumina HiSeq 4000,PAIRED,other,GENOMIC,Mus musculus,ILLUMINA,2021-04-28T00:00:00Z,ENCODE biosample ENCBS598QTR,SRP013703,GSM5258511,"Len Pennacchio, LBNL",2021-04-28T01:11:00Z,1,11.5 day,pooled male and female,tissue,ENCDO956IXV,liver,embryonic,healthy,,Len Pennacchio,,,,,,,,,,,,,,,,,,,,,,,,,,,,,,,,,,,,,,,,,,,,,,,,
SRR14305195,ATAC-seq,100,7651354163,PRJNA63471,SAMN18814544,3521385575,GEO,public,"fastq,run.zq,sra","gs,ncbi,s3","gs.us-east1,ncbi.public,s3.us-east-1",SRX10660806,Illumina HiSeq 4000,PAIRED,other,GENOMIC,Mus musculus,ILLUMINA,2021-04-28T00:00:00Z,ENCODE biosample ENCBS019AAA,SRP013703,GSM5258535,"Len Pennacchio, LBNL",2021-04-28T09:40:00Z,1,14.5 day,pooled male and female,tissue,ENCDO469XMJ,liver,embryonic,healthy,,Len Pennacchio,,,,,,,,,,,,,,,,,,,,,,,,,,,,,,,,,,,,,,,,,,,,,,,,
SRR14305275,ATAC-seq,50,1297647050,PRJNA63471,SAMN18814587,826415597,GEO,public,"fastq,run.zq,sra","gs,ncbi,s3","gs.us-east1,ncbi.public,s3.us-east-1",SRX10660863,Illumina HiSeq 2500,SINGLE,other,GENOMIC,Mus musculus,ILLUMINA,2021-04-28T00:00:00Z,ENCODE biosample ENCBS226TAH,SRP013703,GSM5258627,"Barbara Wold, Caltech",2021-04-28T02:41:00Z,1,,not collected,tissue,ENCDO956IXV,cerebellum,adult,,,Barbara Wold,,,,,,,,,,,,,,,,,,,,,,,,,,,,,,,,,,,,,,,,,,,,,,,,
SRR14305276,ATAC-seq,50,1295583350,PRJNA63471,SAMN18814587,828577015,GEO,public,"fastq,run.zq,sra","gs,ncbi,s3","gs.us-east1,ncbi.public,s3.us-east-1",SRX10660863,Illumina HiSeq 2500,SINGLE,other,GENOMIC,Mus musculus,ILLUMINA,2021-04-28T00:00:00Z,ENCODE biosample ENCBS226TAH,SRP013703,GSM5258627,"Barbara Wold, Caltech",2021-04-28T05:38:00Z,1,,not collected,tissue,ENCDO956IXV,cerebellum,adult,,,Barbara Wold,,,,,,,,,,,,,,,,,,,,,,,,,,,,,,,,,,,,,,,,,,,,,,,,
SRR14305277,ATAC-seq,100,4089265621,PRJNA63471,SAMN18814545,1781757410,GEO,public,"fastq,run.zq,sra","gs,ncbi,s3","gs.us-east1,ncbi.public,s3.us-east-1",SRX10660864,Illumina HiSeq 4000,PAIRED,other,GENOMIC,Mus musculus,ILLUMINA,2021-04-28T00:00:00Z,ENCODE biosample ENCBS028AAA,SRP013703,GSM5258628,"Len Pennacchio, LBNL",2021-04-28T09:19:00Z,1,14.5 day,pooled male and female,tissue,ENCDO469XMJ,hindbrain,embryonic,healthy,,Len Pennacchio,,,,,,,,,,,,,,,,,,,,,,,,,,,,,,,,,,,,,,,,,,,,,,,,
SRR14305278,ATAC-seq,100,6707596739,PRJNA63471,SAMN05202030,2921766497,GEO,public,"fastq,run.zq,sra","gs,ncbi,s3","gs.us-east1,ncbi.public,s3.us-east-1",SRX10660865,Illumina HiSeq 4000,PAIRED,other,GENOMIC,Mus musculus,ILLUMINA,2021-04-28T00:00:00Z,ENCODE biosample ENCBS016AAA,SRP013703,GSM5258629,"Len Pennacchio, LBNL",2021-04-28T09:34:00Z,1,14.5 day,pooled male and female,tissue,ENCDO469XMJ,hindbrain,embryonic,healthy,,,,,,,,,,,,,,,,,,,,,,,,,,,,,,,,,,,,,,,,,,,,,,,,,,
SRR14305280,ATAC-seq,100,4871217710,PRJNA63471,SAMN05202067,2282813455,GEO,public,"fastq,run.zq,sra","gs,ncbi,s3","gs.us-east1,ncbi.public,s3.us-east-1",SRX10660867,Illumina HiSeq 4000,PAIRED,other,GENOMIC,Mus musculus,ILLUMINA,2021-04-28T00:00:00Z,ENCODE biosample ENCBS479VPX,SRP013703,GSM5258631,"Len Pennacchio, LBNL",2021-04-28T10:08:00Z,1,12.5 day,pooled male and female,tissue,ENCDO956IXV,liver,embryonic,healthy,,,,,,,,,,,,,,,,,,,,,,,,,,,,,,,,,,,,,,,,,,,,,,,,,,
SRR14305281,ATAC-seq,100,6674644652,PRJNA63471,SAMN05202068,2911484871,GEO,public,"fastq,run.zq,sra","gs,ncbi,s3","gs.us-east1,ncbi.public,s3.us-east-1",SRX10660868,Illumina HiSeq 4000,PAIRED,other,GENOMIC,Mus musculus,ILLUMINA,2021-04-28T00:00:00Z,ENCODE biosample ENCBS236ISK,SRP013703,GSM5258632,"Len Pennacchio, LBNL",2021-04-28T00:21:00Z,1,12.5 day,pooled male and female,tissue,ENCDO956IXV,liver,embryonic,healthy,,,,,,,,,,,,,,,,,,,,,,,,,,,,,,,,,,,,,,,,,,,,,,,,,,
SRR14305297,ATAC-seq,100,5234924452,PRJNA63471,SAMN05202060,2337574124,GEO,public,"fastq,run.zq,sra","gs,ncbi,s3","gs.us-east1,ncbi.public,s3.us-east-1",SRX10660877,Illumina HiSeq 4000,PAIRED,other,GENOMIC,Mus musculus,ILLUMINA,2021-04-28T00:00:00Z,ENCODE biosample ENCBS617DPG,SRP013703,GSM5258641,"Len Pennacchio, LBNL",2021-04-28T07:45:00Z,1,12.5 day,pooled male and female,tissue,ENCDO956IXV,forebrain,embryonic,healthy,,,,,,,,,,,,,,,,,,,,,,,,,,,,,,,,,,,,,,,,,,,,,,,,,,
SRR14305298,ATAC-seq,100,4977624034,PRJNA63471,SAMN05202059,2246459867,GEO,public,"fastq,run.zq,sra","gs,ncbi,s3","gs.us-east1,ncbi.public,s3.us-east-1",SRX10660878,Illumina HiSeq 4000,PAIRED,other,GENOMIC,Mus musculus,ILLUMINA,2021-04-27T00:00:00Z,ENCODE biosample ENCBS974GPH,SRP013703,GSM5258642,"Len Pennacchio, LBNL",2021-04-27T16:07:00Z,1,12.5 day,pooled male and female,tissue,ENCDO956IXV,forebrain,embryonic,healthy,,,,,,,,,,,,,,,,,,,,,,,,,,,,,,,,,,,,,,,,,,,,,,,,,,
SRR14305348,ATAC-seq,100,8425088262,PRJNA63471,SAMN04284104,3673734108,GEO,public,"fastq,run.zq,sra","gs,ncbi,s3","gs.us-east1,ncbi.public,s3.us-east-1",SRX10660924,Illumina HiSeq 4000,PAIRED,other,GENOMIC,Mus musculus,ILLUMINA,2021-04-28T00:00:00Z,ENCODE biosample ENCBS556AAA,SRP013703,GSM5258688,"Len Pennacchio, LBNL",2021-04-28T01:49:00Z,1,0 day,pooled male and female,tissue,ENCDO469XMJ,hindbrain,postnatal,healthy,,,,,,,,,,,,,,,,,,,,,,,,,,,,,,,,,,,,,,,,,,,,,,,,,,
SRR14305354,ATAC-seq,48,4163005008,PRJNA63471,SAMN18814557,1669871819,GEO,public,"fastq,run.zq,sra","gs,ncbi,s3","gs.us-east1,ncbi.public,s3.us-east-1",SRX10660930,NextSeq 500,SINGLE,other,GENOMIC,Mus musculus,ILLUMINA,2021-04-28T00:00:00Z,ENCODE biosample ENCBS048TJM,SRP013703,GSM5258858,"Ross Hardison, PennState",2021-04-28T05:01:00Z,1,5-6 week,not collected,primary cell,ENCDO072AAA,,adult,,,David Bodine,,,,,,,,,,,,,,,,,,,,,,,,,,,,,,monocyte,,,,,,,,,,,,,,,,,,
SRR14305355,ATAC-seq,48,3688504128,PRJNA63471,SAMN18814554,1471364005,GEO,public,"fastq,run.zq,sra","gs,ncbi,s3","gs.us-east1,ncbi.public,s3.us-east-1",SRX10660931,NextSeq 500,SINGLE,other,GENOMIC,Mus musculus,ILLUMINA,2021-04-28T00:00:00Z,ENCODE biosample ENCBS022OZN,SRP013703,GSM5258859,"Ross Hardison, PennState",2021-04-28T07:52:00Z,1,5-6 week,not collected,primary cell,ENCDO072AAA,,adult,,,David Bodine,,,,,,,,,,,,,,,,,,,,,,,,,,,,,,monocyte,,,,,,,,,,,,,,,,,,
SRR14305364,ATAC-seq,100,1577672000,PRJNA63471,SAMN18814552,963600020,GEO,public,"fastq,run.zq,sra","gs,ncbi,s3","gs.us-east1,ncbi.public,s3.us-east-1",SRX10660940,Illumina HiSeq 2000,PAIRED,other,GENOMIC,Mus musculus,ILLUMINA,2021-04-28T00:00:00Z,ENCODE biosample ENCBS435MTJ,SRP013703,GSM5259244,"Christina Leslie, MSKCC",2021-04-28T02:45:00Z,1,4 month,male,primary cell,ENCDO820VCL,,adult,,,Christina Leslie,,,,,,,,,,,,,,,,,,,,,,,,,,,,,,regulatory T cell,,,,,,,,,,,,,,,,,,
SRR14305365,ATAC-seq,100,4244376065,PRJNA63471,SAMN04284031,1934081732,GEO,public,"fastq,run.zq,sra","gs,ncbi,s3","gs.us-east1,ncbi.public,s3.us-east-1",SRX10660941,Illumina HiSeq 4000,PAIRED,other,GENOMIC,Mus musculus,ILLUMINA,2021-04-28T00:00:00Z,ENCODE biosample ENCBS206NRE,SRP013703,GSM5259296,"Len Pennacchio, LBNL",2021-04-28T02:56:00Z,1,15.5 day,pooled male and female,tissue,ENCDO956IXV,neural tube,embryonic,healthy,,,,,,,,,,,,,,,,,,,,,,,,,,,,,,,,,,,,,,,,,,,,,,,,,,
SRR14305366,ATAC-seq,100,4795555936,PRJNA63471,SAMN04284187,2209041443,GEO,public,"fastq,run.zq,sra","gs,ncbi,s3","gs.us-east1,ncbi.public,s3.us-east-1",SRX10660942,Illumina HiSeq 4000,PAIRED,other,GENOMIC,Mus musculus,ILLUMINA,2021-04-28T00:00:00Z,ENCODE biosample ENCBS944KEZ,SRP013703,GSM5259297,"Len Pennacchio, LBNL",2021-04-28T06:49:00Z,1,15.5 day,pooled male and female,tissue,ENCDO956IXV,neural tube,embryonic,healthy,,,,,,,,,,,,,,,,,,,,,,,,,,,,,,,,,,,,,,,,,,,,,,,,,,
SRR14305382,ATAC-seq,100,2740649654,PRJNA63471,SAMN05202047,1233906490,GEO,public,"fastq,run.zq,sra","gs,ncbi,s3","gs.us-east1,ncbi.public,s3.us-east-1",SRX10660952,Illumina HiSeq 4000,PAIRED,other,GENOMIC,Mus musculus,ILLUMINA,2021-04-27T00:00:00Z,ENCODE biosample ENCBS018AAA,SRP013703,GSM5258752,"Len Pennacchio, LBNL",2021-04-27T16:52:00Z,1,14.5 day,pooled male and female,tissue,ENCDO469XMJ,lung,embryonic,healthy,,,,,,,,,,,,,,,,,,,,,,,,,,,,,,,,,,,,,,,,,,,,,,,,,,
SRR14305383,ATAC-seq,100,5109307281,PRJNA63471,SAMN18814546,2219907647,GEO,public,"fastq,run.zq,sra","gs,ncbi,s3","gs.us-east1,ncbi.public,s3.us-east-1",SRX10660953,Illumina HiSeq 4000,PAIRED,other,GENOMIC,Mus musculus,ILLUMINA,2021-04-28T00:00:00Z,ENCODE biosample ENCBS030AAA,SRP013703,GSM5258753,"Len Pennacchio, LBNL",2021-04-28T06:44:00Z,1,14.5 day,pooled male and female,tissue,ENCDO469XMJ,lung,embryonic,healthy,,Len Pennacchio,,,,,,,,,,,,,,,,,,,,,,,,,,,,,,,,,,,,,,,,,,,,,,,,
SRR14305392,ATAC-seq,99,6289882599,PRJNA63471,SAMN05202053,2759085354,GEO,public,"fastq,run.zq,sra","gs,ncbi,s3","gs.us-east1,ncbi.public,s3.us-east-1",SRX10660960,Illumina HiSeq 4000,PAIRED,other,GENOMIC,Mus musculus,ILLUMINA,2021-04-28T00:00:00Z,ENCODE biosample ENCBS045AAA,SRP013703,GSM5258743,"Len Pennacchio, LBNL",2021-04-28T07:43:00Z,1,0 day,pooled male and female,tissue,ENCDO469XMJ,stomach,postnatal,healthy,,,,,,,,,,,,,,,,,,,,,,,,,,,,,,,,,,,,,,,,,,,,,,,,,,
SRR14305393,ATAC-seq,99,5531627077,PRJNA63471,SAMN05202054,2461772302,GEO,public,"fastq,run.zq,sra","gs,ncbi,s3","gs.us-east1,ncbi.public,s3.us-east-1",SRX10660961,Illumina HiSeq 4000,PAIRED,other,GENOMIC,Mus musculus,ILLUMINA,2021-04-28T00:00:00Z,ENCODE biosample ENCBS561AAA,SRP013703,GSM5258744,"Len Pennacchio, LBNL",2021-04-28T01:33:00Z,1,0 day,pooled male and female,tissue,ENCDO469XMJ,stomach,postnatal,healthy,,,,,,,,,,,,,,,,,,,,,,,,,,,,,,,,,,,,,,,,,,,,,,,,,,
SRR14305396,ATAC-seq,100,2104441437,PRJNA63471,SAMN04284034,902624461,GEO,public,"fastq,run.zq,sra","gs,ncbi,s3","gs.us-east1,ncbi.public,s3.us-east-1",SRX10660964,Illumina HiSeq 4000,PAIRED,other,GENOMIC,Mus musculus,ILLUMINA,2021-04-28T00:00:00Z,ENCODE biosample ENCBS217XWR,SRP013703,GSM5258901,"Len Pennacchio, LBNL",2021-04-28T09:14:00Z,1,16.5 day,pooled male and female,tissue,ENCDO956IXV,heart,embryonic,healthy,,,,,,,,,,,,,,,,,,,,,,,,,,,,,,,,,,,,,,,,,,,,,,,,,,
SRR14305397,ATAC-seq,100,2386703155,PRJNA63471,SAMN04284189,1090090938,GEO,public,"fastq,run.zq,sra","gs,ncbi,s3","gs.us-east1,ncbi.public,s3.us-east-1",SRX10660965,Illumina HiSeq 4000,PAIRED,other,GENOMIC,Mus musculus,ILLUMINA,2021-04-28T00:00:00Z,ENCODE biosample ENCBS955JPC,SRP013703,GSM5258902,"Len Pennacchio, LBNL",2021-04-28T11:29:00Z,1,16.5 day,pooled male and female,tissue,ENCDO956IXV,heart,embryonic,healthy,,,,,,,,,,,,,,,,,,,,,,,,,,,,,,,,,,,,,,,,,,,,,,,,,,
SRR14305408,ATAC-seq,100,4412257636,PRJNA63471,SAMN04284016,1943693448,GEO,public,"fastq,run.zq,sra","gs,ncbi,s3","gs.us-east1,ncbi.public,s3.us-east-1",SRX10660974,Illumina HiSeq 4000,PAIRED,other,GENOMIC,Mus musculus,ILLUMINA,2021-04-28T00:00:00Z,ENCODE biosample ENCBS156DHU,SRP013703,GSM5258782,"Len Pennacchio, LBNL",2021-04-28T09:27:00Z,1,16.5 day,pooled male and female,tissue,ENCDO956IXV,forebrain,embryonic,healthy,,,,,,,,,,,,,,,,,,,,,,,,,,,,,,,,,,,,,,,,,,,,,,,,,,
SRR14305409,ATAC-seq,100,4250691145,PRJNA63471,SAMN04284092,1863242788,GEO,public,"fastq,run.zq,sra","gs,ncbi,s3","gs.us-east1,ncbi.public,s3.us-east-1",SRX10660975,Illumina HiSeq 4000,PAIRED,other,GENOMIC,Mus musculus,ILLUMINA,2021-04-28T00:00:00Z,ENCODE biosample ENCBS512LKA,SRP013703,GSM5258783,"Len Pennacchio, LBNL",2021-04-28T02:57:00Z,1,16.5 day,pooled male and female,tissue,ENCDO956IXV,forebrain,embryonic,healthy,,,,,,,,,,,,,,,,,,,,,,,,,,,,,,,,,,,,,,,,,,,,,,,,,,
SRR14305420,ATAC-seq,99,3727835580,PRJNA63471,SAMN04283985,1626797080,GEO,public,"fastq,run.zq,sra","gs,ncbi,s3","gs.us-east1,ncbi.public,s3.us-east-1",SRX10660983,Illumina HiSeq 4000,PAIRED,other,GENOMIC,Mus musculus,ILLUMINA,2021-04-28T00:00:00Z,ENCODE biosample ENCBS046IMM,SRP013703,GSM5258718,"Len Pennacchio, LBNL",2021-04-28T02:58:00Z,1,11.5 day,pooled male and female,tissue,ENCDO956IXV,heart,embryonic,healthy,,,,,,,,,,,,,,,,,,,,,,,,,,,,,,,,,,,,,,,,,,,,,,,,,,
SRR14305421,ATAC-seq,100,4236120557,PRJNA63471,SAMN18814537,1834221321,GEO,public,"fastq,run.zq,sra","gs,ncbi,s3","gs.us-east1,ncbi.public,s3.us-east-1",SRX10660984,Illumina HiSeq 4000,PAIRED,other,GENOMIC,Mus musculus,ILLUMINA,2021-04-28T00:00:00Z,ENCODE biosample ENCBS019PUH,SRP013703,GSM5258719,"Len Pennacchio, LBNL",2021-04-28T05:45:00Z,1,11.5 day,pooled male and female,tissue,ENCDO956IXV,heart,embryonic,healthy,,Len Pennacchio,,,,,,,,,,,,,,,,,,,,,,,,,,,,,,,,,,,,,,,,,,,,,,,,
SRR14305424,ATAC-seq,48,4855547712,PRJNA63471,SAMN18814568,3075776143,GEO,public,"fastq,run.zq,sra","gs,ncbi,s3","gs.us-east1,ncbi.public,s3.us-east-1",SRX10660987,Illumina HiSeq 2000,SINGLE,other,GENOMIC,Mus musculus,ILLUMINA,2021-04-27T00:00:00Z,ENCODE biosample ENCBS631ECT,SRP013703,GSM5258854,"Ross Hardison, PennState",2021-04-27T16:12:00Z,1,5-6 week,male,primary cell,ENCDO072AAA,,adult,,,David Bodine,,,,,,,,,,,,,,,,,,,,,,,,,,,,,,erythroid progenitor cell,,,,,,,,,,,,,,,,,,
SRR14305425,ATAC-seq,48,3895195632,PRJNA63471,SAMN18814572,2501996808,GEO,public,"fastq,run.zq,sra","gs,ncbi,s3","gs.us-east1,ncbi.public,s3.us-east-1",SRX10660988,Illumina HiSeq 2000,SINGLE,other,GENOMIC,Mus musculus,ILLUMINA,2021-04-27T00:00:00Z,ENCODE biosample ENCBS842ORQ,SRP013703,GSM5258855,"Ross Hardison, PennState",2021-04-27T23:35:00Z,1,5-6 week,male,primary cell,ENCDO072AAA,,adult,,,David Bodine,,,,,,,,,,,,,,,,,,,,,,,,,,,,,,erythroid progenitor cell,,,,,,,,,,,,,,,,,,
SRR14305426,ATAC-seq,48,2453293104,PRJNA63471,SAMN18814572,883661651,GEO,public,"fastq,run.zq,sra","gs,ncbi,s3","gs.us-east1,ncbi.public,s3.us-east-1",SRX10660988,Illumina HiSeq 2000,SINGLE,other,GENOMIC,Mus musculus,ILLUMINA,2021-04-28T00:00:00Z,ENCODE biosample ENCBS842ORQ,SRP013703,GSM5258855,"Ross Hardison, PennState",2021-04-28T01:10:00Z,1,5-6 week,male,primary cell,ENCDO072AAA,,adult,,,David Bodine,,,,,,,,,,,,,,,,,,,,,,,,,,,,,,erythroid progenitor cell,,,,,,,,,,,,,,,,,,
SRR14305461,ATAC-seq,100,4686261224,PRJNA63471,SAMN04284033,2085166140,GEO,public,"fastq,run.zq,sra","gs,ncbi,s3","gs.us-east1,ncbi.public,s3.us-east-1",SRX10661012,Illumina HiSeq 4000,PAIRED,other,GENOMIC,Mus musculus,ILLUMINA,2021-04-27T00:00:00Z,ENCODE biosample ENCBS217WPC,SRP013703,GSM5259093,"Len Pennacchio, LBNL",2021-04-27T21:25:00Z,1,15.5 day,pooled male and female,tissue,ENCDO956IXV,lung,embryonic,healthy,,,,,,,,,,,,,,,,,,,,,,,,,,,,,,,,,,,,,,,,,,,,,,,,,,
SRR14305462,ATAC-seq,100,2007914638,PRJNA63471,SAMN04284084,901181053,GEO,public,"fastq,run.zq,sra","gs,ncbi,s3","gs.us-east1,ncbi.public,s3.us-east-1",SRX10661013,Illumina HiSeq 4000,PAIRED,other,GENOMIC,Mus musculus,ILLUMINA,2021-04-28T00:00:00Z,ENCODE biosample ENCBS467HSM,SRP013703,GSM5259094,"Len Pennacchio, LBNL",2021-04-28T07:28:00Z,1,15.5 day,pooled male and female,tissue,ENCDO956IXV,lung,embryonic,healthy,,,,,,,,,,,,,,,,,,,,,,,,,,,,,,,,,,,,,,,,,,,,,,,,,,
SRR14305463,ATAC-seq,100,3349952436,PRJNA63471,SAMN05202056,1505063959,GEO,public,"fastq,run.zq,sra","gs,ncbi,s3","gs.us-east1,ncbi.public,s3.us-east-1",SRX10661014,Illumina HiSeq 4000,PAIRED,other,GENOMIC,Mus musculus,ILLUMINA,2021-04-28T00:00:00Z,ENCODE biosample ENCBS568AAA,SRP013703,GSM5258804,"Len Pennacchio, LBNL",2021-04-28T09:53:00Z,1,14.5 day,pooled male and female,tissue,ENCDO469XMJ,stomach,embryonic,healthy,,,,,,,,,,,,,,,,,,,,,,,,,,,,,,,,,,,,,,,,,,,,,,,,,,
SRR14305464,ATAC-seq,100,2383336398,PRJNA63471,SAMN05202055,1069860400,GEO,public,"fastq,run.zq,sra","gs,ncbi,s3","gs.us-east1,ncbi.public,s3.us-east-1",SRX10661015,Illumina HiSeq 4000,PAIRED,other,GENOMIC,Mus musculus,ILLUMINA,2021-04-28T00:00:00Z,ENCODE biosample ENCBS564AAA,SRP013703,GSM5258805,"Len Pennacchio, LBNL",2021-04-28T02:51:00Z,1,14.5 day,pooled male and female,tissue,ENCDO469XMJ,stomach,embryonic,healthy,,,,,,,,,,,,,,,,,,,,,,,,,,,,,,,,,,,,,,,,,,,,,,,,,,
SRR14305471,ATAC-seq,100,3617145626,PRJNA63471,SAMN05202025,1593921305,GEO,public,"fastq,run.zq,sra","gs,ncbi,s3","gs.us-east1,ncbi.public,s3.us-east-1",SRX10661021,Illumina HiSeq 4000,PAIRED,other,GENOMIC,Mus musculus,ILLUMINA,2021-04-28T00:00:00Z,ENCODE biosample ENCBS002AAA,SRP013703,GSM5258696,"Len Pennacchio, LBNL",2021-04-28T01:29:00Z,1,14.5 day,pooled male and female,tissue,ENCDO469XMJ,forebrain,embryonic,healthy,,,,,,,,,,,,,,,,,,,,,,,,,,,,,,,,,,,,,,,,,,,,,,,,,,
SRR14305484,ATAC-seq,100,5559023337,PRJNA63471,SAMN04284025,2456171426,GEO,public,"fastq,run.zq,sra","gs,ncbi,s3","gs.us-east1,ncbi.public,s3.us-east-1",SRX10661030,Illumina HiSeq 4000,PAIRED,other,GENOMIC,Mus musculus,ILLUMINA,2021-04-28T00:00:00Z,ENCODE biosample ENCBS185VNZ,SRP013703,GSM5258708,"Len Pennacchio, LBNL",2021-04-28T08:00:00Z,1,13.5 day,pooled male and female,tissue,ENCDO956IXV,midbrain,embryonic,healthy,,,,,,,,,,,,,,,,,,,,,,,,,,,,,,,,,,,,,,,,,,,,,,,,,,
SRR14305485,ATAC-seq,100,5171550558,PRJNA63471,SAMN04284127,2284497611,GEO,public,"fastq,run.zq,sra","gs,ncbi,s3","gs.us-east1,ncbi.public,s3.us-east-1",SRX10661031,Illumina HiSeq 4000,PAIRED,other,GENOMIC,Mus musculus,ILLUMINA,2021-04-28T00:00:00Z,ENCODE biosample ENCBS725LVX,SRP013703,GSM5258709,"Len Pennacchio, LBNL",2021-04-28T09:28:00Z,1,13.5 day,pooled male and female,tissue,ENCDO956IXV,midbrain,embryonic,healthy,,,,,,,,,,,,,,,,,,,,,,,,,,,,,,,,,,,,,,,,,,,,,,,,,,
SRR14305649,ATAC-seq,100,1659587500,PRJNA63471,SAMN18814553,1012871642,GEO,public,"fastq,run.zq,sra","gs,ncbi,s3","gs.us-east1,ncbi.public,s3.us-east-1",SRX10661180,Illumina HiSeq 2000,PAIRED,other,GENOMIC,Mus musculus,ILLUMINA,2021-04-28T00:00:00Z,ENCODE biosample ENCBS744QIZ,SRP013703,GSM5258746,"Christina Leslie, MSKCC",2021-04-28T01:12:00Z,1,4 month,male,primary cell,ENCDO820VCL,,adult,,,Christina Leslie,,,,,,,,,,,,,,,,,,,,,,,,,,,,,,activated regulatory T-cells,,,,,,,,,,,,,,,,,,
SRR14305650,ATAC-seq,100,1575389400,PRJNA63471,SAMN18814553,948558859,GEO,public,"fastq,run.zq,sra","gs,ncbi,s3","gs.us-east1,ncbi.public,s3.us-east-1",SRX10661181,Illumina HiSeq 2000,PAIRED,other,GENOMIC,Mus musculus,ILLUMINA,2021-04-28T00:00:00Z,ENCODE biosample ENCBS744QIZ,SRP013703,GSM5258747,"Christina Leslie, MSKCC",2021-04-28T02:40:00Z,1,4 month,male,primary cell,ENCDO820VCL,,adult,,,Christina Leslie,,,,,,,,,,,,,,,,,,,,,,,,,,,,,,activated regulatory T-cells,,,,,,,,,,,,,,,,,,
SRR14305731,ATAC-seq,48,4092581424,PRJNA63471,SAMN18814555,1617456008,GEO,public,"fastq,run.zq,sra","gs,ncbi,s3","gs.us-east1,ncbi.public,s3.us-east-1",SRX10661255,NextSeq 500,SINGLE,other,GENOMIC,Mus musculus,ILLUMINA,2021-04-27T00:00:00Z,ENCODE biosample ENCBS037MZW,SRP013703,GSM5258801,"Ross Hardison, PennState",2021-04-27T23:49:00Z,1,5-6 week,not collected,primary cell,ENCDO072AAA,,adult,,,David Bodine,,,,,,,,,,,,,,,,,,,,,,,,,,,,,,neutrophil,,,,,,,,,,,,,,,,,,
SRR14305767,ATAC-seq,100,5350036035,PRJNA63471,SAMN04284047,2347295473,GEO,public,"fastq,run.zq,sra","gs,ncbi,s3","gs.us-east1,ncbi.public,s3.us-east-1",SRX10661273,Illumina HiSeq 4000,PAIRED,other,GENOMIC,Mus musculus,ILLUMINA,2021-04-28T00:00:00Z,ENCODE biosample ENCBS281ZLI,SRP013703,GSM5258824,"Len Pennacchio, LBNL",2021-04-28T06:50:00Z,1,16.5 day,pooled male and female,tissue,ENCDO956IXV,hindbrain,embryonic,healthy,,,,,,,,,,,,,,,,,,,,,,,,,,,,,,,,,,,,,,,,,,,,,,,,,,
SRR14305768,ATAC-seq,100,4486083502,PRJNA63471,SAMN04284076,1977013845,GEO,public,"fastq,run.zq,sra","gs,ncbi,s3","gs.us-east1,ncbi.public,s3.us-east-1",SRX10661274,Illumina HiSeq 4000,PAIRED,other,GENOMIC,Mus musculus,ILLUMINA,2021-04-28T00:00:00Z,ENCODE biosample ENCBS436LSH,SRP013703,GSM5258825,"Len Pennacchio, LBNL",2021-04-28T05:46:00Z,1,16.5 day,pooled male and female,tissue,ENCDO956IXV,hindbrain,embryonic,healthy,,,,,,,,,,,,,,,,,,,,,,,,,,,,,,,,,,,,,,,,,,,,,,,,,,
SRR14305811,ATAC-seq,100,3062634809,PRJNA63471,SAMN05202024,1377643437,GEO,public,"fastq,run.zq,sra","gs,ncbi,s3","gs.us-east1,ncbi.public,s3.us-east-1",SRX10661313,Illumina HiSeq 4000,PAIRED,other,GENOMIC,Mus musculus,ILLUMINA,2021-04-27T00:00:00Z,ENCODE biosample ENCBS024AAA,SRP013703,GSM5258878,"Len Pennacchio, LBNL",2021-04-27T22:35:00Z,1,14.5 day,pooled male and female,tissue,ENCDO469XMJ,embryonic facial prominence,embryonic,healthy,,,,,,,,,,,,,,,,,,,,,,,,,,,,,,,,,,,,,,,,,,,,,,,,,,
SRR14305812,ATAC-seq,100,3306179607,PRJNA63471,SAMN05202023,1478048488,GEO,public,"fastq,run.zq,sra","gs,ncbi,s3","gs.us-east1,ncbi.public,s3.us-east-1",SRX10661314,Illumina HiSeq 4000,PAIRED,other,GENOMIC,Mus musculus,ILLUMINA,2021-04-28T00:00:00Z,ENCODE biosample ENCBS012AAA,SRP013703,GSM5258879,"Len Pennacchio, LBNL",2021-04-28T09:44:00Z,1,14.5 day,pooled male and female,tissue,ENCDO469XMJ,embryonic facial prominence,embryonic,healthy,,,,,,,,,,,,,,,,,,,,,,,,,,,,,,,,,,,,,,,,,,,,,,,,,,
SRR14305813,ATAC-seq,100,3316805502,PRJNA63471,SAMN18814547,1439441577,GEO,public,"fastq,run.zq,sra","gs,ncbi,s3","gs.us-east1,ncbi.public,s3.us-east-1",SRX10661315,Illumina HiSeq 4000,PAIRED,other,GENOMIC,Mus musculus,ILLUMINA,2021-04-27T00:00:00Z,ENCODE biosample ENCBS032AAA,SRP013703,GSM5258880,"Len Pennacchio, LBNL",2021-04-27T22:30:00Z,1,14.5 day,pooled male and female,tissue,ENCDO469XMJ,intestine,embryonic,healthy,,Len Pennacchio,,,,,,,,,,,,,,,,,,,,,,,,,,,,,,,,,,,,,,,,,,,,,,,,
SRR14305820,ATAC-seq,48,4971273072,PRJNA63471,SAMN18814560,3551451337,GEO,public,"fastq,run.zq,sra","gs,ncbi,s3","gs.us-east1,ncbi.public,s3.us-east-1",SRX10661321,Illumina HiSeq 2000,SINGLE,other,GENOMIC,Mus musculus,ILLUMINA,2021-04-28T00:00:00Z,ENCODE biosample ENCBS149HMM,SRP013703,GSM5258887,"Ross Hardison, PennState",2021-04-28T03:07:00Z,1,5-6 week,not collected,primary cell,ENCDO072AAA,,adult,,,David Bodine,,,,,,,,,,,,,,,,,,,,,,,,,,,,,,hematopoietic stem cell,,,,,,,,,,,,,,,,,,
SRR14305821,ATAC-seq,48,4020577440,PRJNA63471,SAMN18814573,1628748905,GEO,public,"fastq,run.zq,sra","gs,ncbi,s3","gs.us-east1,ncbi.public,s3.us-east-1",SRX10661322,NextSeq 500,SINGLE,other,GENOMIC,Mus musculus,ILLUMINA,2021-04-27T00:00:00Z,ENCODE biosample ENCBS855EXW,SRP013703,GSM5258888,"Ross Hardison, PennState",2021-04-27T14:55:00Z,1,5-6 week,not collected,primary cell,ENCDO072AAA,,adult,,,David Bodine,,,,,,,,,,,,,,,,,,,,,,,,,,,,,,hematopoietic stem cell,,,,,,,,,,,,,,,,,,
SRR14305833,ATAC-seq,50,1691878350,PRJNA63471,SAMN18814595,1076189527,GEO,public,"fastq,run.zq,sra","gs,ncbi,s3","gs.us-east1,ncbi.public,s3.us-east-1",SRX10661331,Illumina HiSeq 2500,SINGLE,other,GENOMIC,Mus musculus,ILLUMINA,2021-04-27T00:00:00Z,ENCODE biosample ENCBS994XTD,SRP013703,GSM5258899,"Barbara Wold, Caltech",2021-04-27T20:37:00Z,1,,not collected,tissue,ENCDO956IXV,frontal cortex,adult,,,Barbara Wold,,,,,,,,,,,,,,,,,,,,,,,,,,,,,,,,,,,,,,,,,,,,,,,,
SRR14305834,ATAC-seq,50,1693496900,PRJNA63471,SAMN18814595,1081715915,GEO,public,"fastq,run.zq,sra","gs,ncbi,s3","gs.us-east1,ncbi.public,s3.us-east-1",SRX10661331,Illumina HiSeq 2500,SINGLE,other,GENOMIC,Mus musculus,ILLUMINA,2021-04-28T00:00:00Z,ENCODE biosample ENCBS994XTD,SRP013703,GSM5258899,"Barbara Wold, Caltech",2021-04-28T09:13:00Z,1,,not collected,tissue,ENCDO956IXV,frontal cortex,adult,,,Barbara Wold,,,,,,,,,,,,,,,,,,,,,,,,,,,,,,,,,,,,,,,,,,,,,,,,
SRR14305835,ATAC-seq,100,1230486500,PRJNA63471,SAMN18814590,796547361,GEO,public,"fastq,run.zq,sra","gs,ncbi,s3","gs.us-east1,ncbi.public,s3.us-east-1",SRX10661332,Illumina HiSeq 2500,SINGLE,other,GENOMIC,Mus musculus,ILLUMINA,2021-04-28T00:00:00Z,ENCODE biosample ENCBS786POK,SRP013703,GSM5258900,"Barbara Wold, Caltech",2021-04-28T02:39:00Z,1,,not collected,tissue,ENCDO956IXV,frontal cortex,adult,,,Barbara Wold,,,,,,,,,,,,,,,,,,,,,,,,,,,,,,,,,,,,,,,,,,,,,,,,
SRR14305836,ATAC-seq,50,1384254200,PRJNA63471,SAMN18814590,885339830,GEO,public,"fastq,run.zq,sra","gs,ncbi,s3","gs.us-east1,ncbi.public,s3.us-east-1",SRX10661332,Illumina HiSeq 2500,SINGLE,other,GENOMIC,Mus musculus,ILLUMINA,2021-04-27T00:00:00Z,ENCODE biosample ENCBS786POK,SRP013703,GSM5258900,"Barbara Wold, Caltech",2021-04-27T14:47:00Z,1,,not collected,tissue,ENCDO956IXV,frontal cortex,adult,,,Barbara Wold,,,,,,,,,,,,,,,,,,,,,,,,,,,,,,,,,,,,,,,,,,,,,,,,
SRR14305837,ATAC-seq,50,1382200900,PRJNA63471,SAMN18814590,880560819,GEO,public,"fastq,run.zq,sra","gs,ncbi,s3","gs.us-east1,ncbi.public,s3.us-east-1",SRX10661332,Illumina HiSeq 2500,SINGLE,other,GENOMIC,Mus musculus,ILLUMINA,2021-04-27T00:00:00Z,ENCODE biosample ENCBS786POK,SRP013703,GSM5258900,"Barbara Wold, Caltech",2021-04-27T22:10:00Z,1,,not collected,tissue,ENCDO956IXV,frontal cortex,adult,,,Barbara Wold,,,,,,,,,,,,,,,,,,,,,,,,,,,,,,,,,,,,,,,,,,,,,,,,
SRR14305838,ATAC-seq,100,1230970900,PRJNA63471,SAMN18814590,799556004,GEO,public,"fastq,run.zq,sra","gs,ncbi,s3","gs.us-east1,ncbi.public,s3.us-east-1",SRX10661332,Illumina HiSeq 2500,SINGLE,other,GENOMIC,Mus musculus,ILLUMINA,2021-04-27T00:00:00Z,ENCODE biosample ENCBS786POK,SRP013703,GSM5258900,"Barbara Wold, Caltech",2021-04-27T23:29:00Z,1,,not collected,tissue,ENCDO956IXV,frontal cortex,adult,,,Barbara Wold,,,,,,,,,,,,,,,,,,,,,,,,,,,,,,,,,,,,,,,,,,,,,,,,
SRR14305855,ATAC-seq,100,3419402992,PRJNA63471,SAMN05202069,1512500459,GEO,public,"fastq,run.zq,sra","gs,ncbi,s3","gs.us-east1,ncbi.public,s3.us-east-1",SRX10661341,Illumina HiSeq 4000,PAIRED,other,GENOMIC,Mus musculus,ILLUMINA,2021-04-28T00:00:00Z,ENCODE biosample ENCBS309WCU,SRP013703,GSM5258932,"Len Pennacchio, LBNL",2021-04-28T01:26:00Z,1,12.5 day,pooled male and female,tissue,ENCDO956IXV,midbrain,embryonic,healthy,,,,,,,,,,,,,,,,,,,,,,,,,,,,,,,,,,,,,,,,,,,,,,,,,,
SRR14305873,ATAC-seq,100,4410452564,PRJNA63471,SAMN04284121,1967265870,GEO,public,"fastq,run.zq,sra","gs,ncbi,s3","gs.us-east1,ncbi.public,s3.us-east-1",SRX10661352,Illumina HiSeq 4000,PAIRED,other,GENOMIC,Mus musculus,ILLUMINA,2021-04-28T00:00:00Z,ENCODE biosample ENCBS681XPR,SRP013703,GSM5258963,"Len Pennacchio, LBNL",2021-04-28T07:56:00Z,1,11.5 day,pooled male and female,tissue,ENCDO956IXV,limb,embryonic,healthy,,,,,,,,,,,,,,,,,,,,,,,,,,,,,,,,,,,,,,,,,,,,,,,,,,
SRR14305953,ATAC-seq,100,5831960184,PRJNA63471,SAMN04284188,2566250153,GEO,public,"fastq,run.zq,sra","gs,ncbi,s3","gs.us-east1,ncbi.public,s3.us-east-1",SRX10661419,Illumina HiSeq 4000,PAIRED,other,GENOMIC,Mus musculus,ILLUMINA,2021-04-27T00:00:00Z,ENCODE biosample ENCBS948UKU,SRP013703,GSM5259064,"Len Pennacchio, LBNL",2021-04-27T22:31:00Z,1,15.5 day,pooled male and female,tissue,ENCDO956IXV,hindbrain,embryonic,healthy,,,,,,,,,,,,,,,,,,,,,,,,,,,,,,,,,,,,,,,,,,,,,,,,,,
SRR14305954,ATAC-seq,100,3272107559,PRJNA63471,SAMN04284191,1436361249,GEO,public,"fastq,run.zq,sra","gs,ncbi,s3","gs.us-east1,ncbi.public,s3.us-east-1",SRX10661420,Illumina HiSeq 4000,PAIRED,other,GENOMIC,Mus musculus,ILLUMINA,2021-04-28T00:00:00Z,ENCODE biosample ENCBS958AHU,SRP013703,GSM5259065,"Len Pennacchio, LBNL",2021-04-28T03:32:00Z,1,15.5 day,pooled male and female,tissue,ENCDO956IXV,hindbrain,embryonic,healthy,,,,,,,,,,,,,,,,,,,,,,,,,,,,,,,,,,,,,,,,,,,,,,,,,,
SRR14305973,ATAC-seq,100,3715646457,PRJNA63471,SAMN05202038,1634749052,GEO,public,"fastq,run.zq,sra","gs,ncbi,s3","gs.us-east1,ncbi.public,s3.us-east-1",SRX10661436,Illumina HiSeq 4000,PAIRED,other,GENOMIC,Mus musculus,ILLUMINA,2021-04-28T00:00:00Z,ENCODE biosample ENCBS562AAA,SRP013703,GSM5259096,"Len Pennacchio, LBNL",2021-04-28T09:18:00Z,1,0 day,pooled male and female,tissue,ENCDO469XMJ,kidney,postnatal,healthy,,,,,,,,,,,,,,,,,,,,,,,,,,,,,,,,,,,,,,,,,,,,,,,,,,
SRR14305974,ATAC-seq,100,4748993646,PRJNA63471,SAMN05202035,2095333811,GEO,public,"fastq,run.zq,sra","gs,ncbi,s3","gs.us-east1,ncbi.public,s3.us-east-1",SRX10661437,Illumina HiSeq 4000,PAIRED,other,GENOMIC,Mus musculus,ILLUMINA,2021-04-27T00:00:00Z,ENCODE biosample ENCBS046AAA,SRP013703,GSM5259097,"Len Pennacchio, LBNL",2021-04-27T23:31:00Z,1,0 day,pooled male and female,tissue,ENCDO469XMJ,kidney,postnatal,healthy,,,,,,,,,,,,,,,,,,,,,,,,,,,,,,,,,,,,,,,,,,,,,,,,,,
SRR14306066,ATAC-seq,100,5586678024,PRJNA63471,SAMN04284157,2421775553,GEO,public,"fastq,run.zq,sra","gs,ncbi,s3","gs.us-east1,ncbi.public,s3.us-east-1",SRX10661510,Illumina HiSeq 4000,PAIRED,other,GENOMIC,Mus musculus,ILLUMINA,2021-04-28T00:00:00Z,ENCODE biosample ENCBS836WEU,SRP013703,GSM5259188,"Len Pennacchio, LBNL",2021-04-28T05:39:00Z,1,15.5 day,pooled male and female,tissue,ENCDO956IXV,intestine,embryonic,healthy,,,,,,,,,,,,,,,,,,,,,,,,,,,,,,,,,,,,,,,,,,,,,,,,,,
SRR14306067,ATAC-seq,100,5816991156,PRJNA63471,SAMN04284072,2540800815,GEO,public,"fastq,run.zq,sra","gs,ncbi,s3","gs.us-east1,ncbi.public,s3.us-east-1",SRX10661511,Illumina HiSeq 4000,PAIRED,other,GENOMIC,Mus musculus,ILLUMINA,2021-04-28T00:00:00Z,ENCODE biosample ENCBS401LLS,SRP013703,GSM5259189,"Len Pennacchio, LBNL",2021-04-28T07:12:00Z,1,15.5 day,pooled male and female,tissue,ENCDO956IXV,intestine,embryonic,healthy,,,,,,,,,,,,,,,,,,,,,,,,,,,,,,,,,,,,,,,,,,,,,,,,,,
SRR14306068,ATAC-seq,100,3581578443,PRJNA63471,SAMN05202072,1755327262,GEO,public,"fastq,run.zq,sra","gs,ncbi,s3","gs.us-east1,ncbi.public,s3.us-east-1",SRX10661512,Illumina HiSeq 4000,PAIRED,other,GENOMIC,Mus musculus,ILLUMINA,2021-04-28T00:00:00Z,ENCODE biosample ENCBS254TSW,SRP013703,GSM5259190,"Len Pennacchio, LBNL",2021-04-28T01:36:00Z,1,12.5 day,pooled male and female,tissue,ENCDO956IXV,neural tube,embryonic,healthy,,,,,,,,,,,,,,,,,,,,,,,,,,,,,,,,,,,,,,,,,,,,,,,,,,
SRR14306069,ATAC-seq,100,4008676183,PRJNA63471,SAMN05202071,1859637575,GEO,public,"fastq,run.zq,sra","gs,ncbi,s3","gs.us-east1,ncbi.public,s3.us-east-1",SRX10661513,Illumina HiSeq 4000,PAIRED,other,GENOMIC,Mus musculus,ILLUMINA,2021-04-28T00:00:00Z,ENCODE biosample ENCBS405OOH,SRP013703,GSM5259191,"Len Pennacchio, LBNL",2021-04-28T10:49:00Z,1,12.5 day,pooled male and female,tissue,ENCDO956IXV,neural tube,embryonic,healthy,,,,,,,,,,,,,,,,,,,,,,,,,,,,,,,,,,,,,,,,,,,,,,,,,,
SRR14306116,ATAC-seq,100,3203232109,PRJNA63471,SAMN04284105,1360444967,GEO,public,"fastq,run.zq,sra","gs,ncbi,s3","gs.us-east1,ncbi.public,s3.us-east-1",SRX10661546,Illumina HiSeq 4000,PAIRED,other,GENOMIC,Mus musculus,ILLUMINA,2021-04-27T00:00:00Z,ENCODE biosample ENCBS557AAA,SRP013703,GSM5259232,"Len Pennacchio, LBNL",2021-04-27T22:09:00Z,1,0 day,pooled male and female,tissue,ENCDO469XMJ,heart,postnatal,healthy,,,,,,,,,,,,,,,,,,,,,,,,,,,,,,,,,,,,,,,,,,,,,,,,,,
SRR14306140,ATAC-seq,48,8836326576,PRJNA63471,SAMN18814564,3148082201,GEO,public,"fastq,run.zq,sra","gs,ncbi,s3","gs.us-east1,ncbi.public,s3.us-east-1",SRX10661560,Illumina HiSeq 2000,SINGLE,other,GENOMIC,Mus musculus,ILLUMINA,2021-04-28T00:00:00Z,ENCODE biosample ENCBS301PDO,SRP013703,GSM5259251,"Ross Hardison, PennState",2021-04-28T06:23:00Z,1,5-6 week,male,primary cell,ENCDO072AAA,,adult,,,David Bodine,,,,,,,,,,,,,,,,,,,,,,,,,,,,,,hematopoietic stem cell,,,,,,,,,,,,,,,,,,
SRR14306145,ATAC-seq,100,4376922550,PRJNA63471,SAMN04284151,1929619059,GEO,public,"fastq,run.zq,sra","gs,ncbi,s3","gs.us-east1,ncbi.public,s3.us-east-1",SRX10661565,Illumina HiSeq 4000,PAIRED,other,GENOMIC,Mus musculus,ILLUMINA,2021-04-28T00:00:00Z,ENCODE biosample ENCBS811RMD,SRP013703,GSM5259258,"Len Pennacchio, LBNL",2021-04-28T10:44:00Z,1,15.5 day,pooled male and female,tissue,ENCDO956IXV,forebrain,embryonic,healthy,,,,,,,,,,,,,,,,,,,,,,,,,,,,,,,,,,,,,,,,,,,,,,,,,,
SRR14306146,ATAC-seq,100,5425716920,PRJNA63471,SAMN04284158,2382611500,GEO,public,"fastq,run.zq,sra","gs,ncbi,s3","gs.us-east1,ncbi.public,s3.us-east-1",SRX10661566,Illumina HiSeq 4000,PAIRED,other,GENOMIC,Mus musculus,ILLUMINA,2021-04-27T00:00:00Z,ENCODE biosample ENCBS841GER,SRP013703,GSM5259259,"Len Pennacchio, LBNL",2021-04-27T23:33:00Z,1,15.5 day,pooled male and female,tissue,ENCDO956IXV,forebrain,embryonic,healthy,,,,,,,,,,,,,,,,,,,,,,,,,,,,,,,,,,,,,,,,,,,,,,,,,,
SRR14306149,ATAC-seq,100,2837775226,PRJNA63471,SAMN05202040,1272838261,GEO,public,"fastq,run.zq,sra","gs,ncbi,s3","gs.us-east1,ncbi.public,s3.us-east-1",SRX10661569,Illumina HiSeq 4000,PAIRED,other,GENOMIC,Mus musculus,ILLUMINA,2021-04-28T00:00:00Z,ENCODE biosample ENCBS023AAA,SRP013703,GSM5259262,"Len Pennacchio, LBNL",2021-04-28T06:30:00Z,1,14.5 day,pooled male and female,tissue,ENCDO469XMJ,limb,embryonic,healthy,,,,,,,,,,,,,,,,,,,,,,,,,,,,,,,,,,,,,,,,,,,,,,,,,,
SRR14306150,ATAC-seq,100,3360130184,PRJNA63471,SAMN05202039,1489456059,GEO,public,"fastq,run.zq,sra","gs,ncbi,s3","gs.us-east1,ncbi.public,s3.us-east-1",SRX10661570,Illumina HiSeq 4000,PAIRED,other,GENOMIC,Mus musculus,ILLUMINA,2021-04-28T00:00:00Z,ENCODE biosample ENCBS011AAA,SRP013703,GSM5259263,"Len Pennacchio, LBNL",2021-04-28T10:40:00Z,1,14.5 day,pooled male and female,tissue,ENCDO469XMJ,limb,embryonic,healthy,,,,,,,,,,,,,,,,,,,,,,,,,,,,,,,,,,,,,,,,,,,,,,,,,,
SRR14305033,ATAC-seq,48,3159799488,PRJNA63471,SAMN18814565,1132714155,GEO,public,"fastq,run.zq,sra","gs,ncbi,s3","gs.us-east1,ncbi.public,s3.us-east-1",SRX10660673,Illumina HiSeq 2000,SINGLE,other,GENOMIC,Mus musculus,ILLUMINA,2021-04-28T00:00:00Z,ENCODE biosample ENCBS360KWM,SRP013703,GSM5258337,"Ross Hardison, PennState",2021-04-28T01:10:00Z,1,5-6 week,male,primary cell,ENCDO072AAA,,adult,,,David Bodine,,,,,,,,,,,,,,,,,,,,,,,,,,,,,,granulocyte monocyte progenitor cell,,,,,,,,,,,,,,,,,,
SRR14305047,ATAC-seq,100,2660453412,PRJNA63471,SAMN04284180,1190905303,GEO,public,"fastq,run.zq,sra","gs,ncbi,s3","gs.us-east1,ncbi.public,s3.us-east-1",SRX10660683,Illumina HiSeq 4000,PAIRED,other,GENOMIC,Mus musculus,ILLUMINA,2021-04-28T00:00:00Z,ENCODE biosample ENCBS915SZN,SRP013703,GSM5258347,"Len Pennacchio, LBNL",2021-04-28T05:43:00Z,1,15.5 day,pooled male and female,tissue,ENCDO956IXV,stomach,embryonic,healthy,,,,,,,,,,,,,,,,,,,,,,,,,,,,,,,,,,,,,,,,,,,,,,,,,,
SRR14305048,ATAC-seq,100,2942501136,PRJNA63471,SAMN04284060,1317124864,GEO,public,"fastq,run.zq,sra","gs,ncbi,s3","gs.us-east1,ncbi.public,s3.us-east-1",SRX10660684,Illumina HiSeq 4000,PAIRED,other,GENOMIC,Mus musculus,ILLUMINA,2021-04-27T00:00:00Z,ENCODE biosample ENCBS355TAQ,SRP013703,GSM5258348,"Len Pennacchio, LBNL",2021-04-27T23:22:00Z,1,15.5 day,pooled male and female,tissue,ENCDO956IXV,stomach,embryonic,healthy,,,,,,,,,,,,,,,,,,,,,,,,,,,,,,,,,,,,,,,,,,,,,,,,,,
SRR14305066,ATAC-seq,99,3684159833,PRJNA63471,SAMN18814548,1570896002,GEO,public,"fastq,run.zq,sra","gs,ncbi,s3","gs.us-east1,ncbi.public,s3.us-east-1",SRX10660693,Illumina HiSeq 4000,PAIRED,other,GENOMIC,Mus musculus,ILLUMINA,2021-04-27T00:00:00Z,ENCODE biosample ENCBS034AAA,SRP013703,GSM5258357,"Len Pennacchio, LBNL",2021-04-27T16:57:00Z,1,14.5 day,pooled male and female,tissue,ENCDO469XMJ,kidney,embryonic,healthy,,Len Pennacchio,,,,,,,,,,,,,,,,,,,,,,,,,,,,,,,,,,,,,,,,,,,,,,,,
SRR14305069,ATAC-seq,100,3898578026,PRJNA63471,SAMN04284098,1738682796,GEO,public,"fastq,run.zq,sra","gs,ncbi,s3","gs.us-east1,ncbi.public,s3.us-east-1",SRX10660696,Illumina HiSeq 4000,PAIRED,other,GENOMIC,Mus musculus,ILLUMINA,2021-04-27T00:00:00Z,ENCODE biosample ENCBS543BPM,SRP013703,GSM5258360,"Len Pennacchio, LBNL",2021-04-27T14:38:00Z,1,15.5 day,pooled male and female,tissue,ENCDO956IXV,embryonic facial prominence,embryonic,healthy,,,,,,,,,,,,,,,,,,,,,,,,,,,,,,,,,,,,,,,,,,,,,,,,,,
SRR14305087,ATAC-seq,48,4991839392,PRJNA63471,SAMN18814574,3348917842,GEO,public,"fastq,run.zq,sra","gs,ncbi,s3","gs.us-east1,ncbi.public,s3.us-east-1",SRX10660711,Illumina HiSeq 2000,SINGLE,other,GENOMIC,Mus musculus,ILLUMINA,2021-04-28T00:00:00Z,ENCODE biosample ENCBS896DRT,SRP013703,GSM5258383,"Ross Hardison, PennState",2021-04-28T08:26:00Z,1,5-6 week,male,primary cell,ENCDO072AAA,,adult,,,David Bodine,,,,,,,,,,,,,,,,,,,,,,,,,,,,,,megakaryocyte,,,,,,,,,,,,,,,,,,
SRR14305194,ATAC-seq,100,3340796896,PRJNA63471,SAMN18814543,1461507765,GEO,public,"fastq,run.zq,sra","gs,ncbi,s3","gs.us-east1,ncbi.public,s3.us-east-1",SRX10660805,Illumina HiSeq 4000,PAIRED,other,GENOMIC,Mus musculus,ILLUMINA,2021-04-28T00:00:00Z,ENCODE biosample ENCBS007AAA,SRP013703,GSM5258534,"Len Pennacchio, LBNL",2021-04-28T09:19:00Z,1,14.5 day,pooled male and female,tissue,ENCDO469XMJ,liver,embryonic,healthy,,Len Pennacchio,,,,,,,,,,,,,,,,,,,,,,,,,,,,,,,,,,,,,,,,,,,,,,,,
SRR14305242,ATAC-seq,48,5118577056,PRJNA63471,SAMN18814562,3323342696,GEO,public,"fastq,run.zq,sra","gs,ncbi,s3","gs.us-east1,ncbi.public,s3.us-east-1",SRX10660843,Illumina HiSeq 2000,SINGLE,other,GENOMIC,Mus musculus,ILLUMINA,2021-04-28T00:00:00Z,ENCODE biosample ENCBS252MYN,SRP013703,GSM5258608,"Ross Hardison, PennState",2021-04-28T05:12:00Z,1,5-6 week,male,primary cell,ENCDO072AAA,,adult,,,David Bodine,,,,,,,,,,,,,,,,,,,,,,,,,,,,,,megakaryocyte-erythroid progenitor cell,,,,,,,,,,,,,,,,,,
SRR14305243,ATAC-seq,48,945178320,PRJNA63471,SAMN18814562,338505646,GEO,public,"fastq,run.zq,sra","gs,ncbi,s3","gs.us-east1,ncbi.public,s3.us-east-1",SRX10660843,Illumina HiSeq 2000,SINGLE,other,GENOMIC,Mus musculus,ILLUMINA,2021-04-27T00:00:00Z,ENCODE biosample ENCBS252MYN,SRP013703,GSM5258608,"Ross Hardison, PennState",2021-04-27T23:15:00Z,1,5-6 week,male,primary cell,ENCDO072AAA,,adult,,,David Bodine,,,,,,,,,,,,,,,,,,,,,,,,,,,,,,megakaryocyte-erythroid progenitor cell,,,,,,,,,,,,,,,,,,
SRR14305244,ATAC-seq,48,5133845376,PRJNA63471,SAMN18814575,3302725076,GEO,public,"fastq,run.zq,sra","gs,ncbi,s3","gs.us-east1,ncbi.public,s3.us-east-1",SRX10660844,Illumina HiSeq 2000,SINGLE,other,GENOMIC,Mus musculus,ILLUMINA,2021-04-27T00:00:00Z,ENCODE biosample ENCBS946UTD,SRP013703,GSM5258609,"Ross Hardison, PennState",2021-04-27T15:11:00Z,1,5-6 week,male,primary cell,ENCDO072AAA,,adult,,,David Bodine,,,,,,,,,,,,,,,,,,,,,,,,,,,,,,megakaryocyte-erythroid progenitor cell,,,,,,,,,,,,,,,,,,
SRR14305245,ATAC-seq,48,4587796368,PRJNA63471,SAMN18814563,3278045716,GEO,public,"fastq,run.zq,sra","gs,ncbi,s3","gs.us-east1,ncbi.public,s3.us-east-1",SRX10660845,Illumina HiSeq 2000,SINGLE,other,GENOMIC,Mus musculus,ILLUMINA,2021-04-27T00:00:00Z,ENCODE biosample ENCBS258FLT,SRP013703,GSM5258610,"Ross Hardison, PennState",2021-04-27T16:11:00Z,1,5-6 week,male,primary cell,ENCDO072AAA,,adult,,,David Bodine,,,,,,,,,,,,,,,,,,,,,,,,,,,,,,erythroblast,,,,,,,,,,,,,,,,,,
SRR14305246,ATAC-seq,48,3175865856,PRJNA63471,SAMN18814569,2254805961,GEO,public,"fastq,run.zq,sra","gs,ncbi,s3","gs.us-east1,ncbi.public,s3.us-east-1",SRX10660846,Illumina HiSeq 2000,SINGLE,other,GENOMIC,Mus musculus,ILLUMINA,2021-04-28T00:00:00Z,ENCODE biosample ENCBS739XQL,SRP013703,GSM5258611,"Ross Hardison, PennState",2021-04-28T09:50:00Z,1,5-6 week,male,primary cell,ENCDO072AAA,,adult,,,David Bodine,,,,,,,,,,,,,,,,,,,,,,,,,,,,,,erythroblast,,,,,,,,,,,,,,,,,,
SRR14305247,ATAC-seq,48,2113417824,PRJNA63471,SAMN18814569,769328408,GEO,public,"fastq,run.zq,sra","gs,ncbi,s3","gs.us-east1,ncbi.public,s3.us-east-1",SRX10660846,Illumina HiSeq 2000,SINGLE,other,GENOMIC,Mus musculus,ILLUMINA,2021-04-27T00:00:00Z,ENCODE biosample ENCBS739XQL,SRP013703,GSM5258611,"Ross Hardison, PennState",2021-04-27T15:00:00Z,1,5-6 week,male,primary cell,ENCDO072AAA,,adult,,,David Bodine,,,,,,,,,,,,,,,,,,,,,,,,,,,,,,erythroblast,,,,,,,,,,,,,,,,,,
SRR14305249,ATAC-seq,100,3030614202,PRJNA63471,SAMN05202066,1358402693,GEO,public,"fastq,run.zq,sra","gs,ncbi,s3","gs.us-east1,ncbi.public,s3.us-east-1",SRX10660848,Illumina HiSeq 4000,PAIRED,other,GENOMIC,Mus musculus,ILLUMINA,2021-04-28T00:00:00Z,ENCODE biosample ENCBS731DGJ,SRP013703,GSM5258612,"Len Pennacchio, LBNL",2021-04-28T02:56:00Z,1,12.5 day,pooled male and female,tissue,ENCDO956IXV,limb,embryonic,healthy,,,,,,,,,,,,,,,,,,,,,,,,,,,,,,,,,,,,,,,,,,,,,,,,,,
SRR14305250,ATAC-seq,100,2429240414,PRJNA63471,SAMN05202065,1082435230,GEO,public,"fastq,run.zq,sra","gs,ncbi,s3","gs.us-east1,ncbi.public,s3.us-east-1",SRX10660849,Illumina HiSeq 4000,PAIRED,other,GENOMIC,Mus musculus,ILLUMINA,2021-04-28T00:00:00Z,ENCODE biosample ENCBS313XRY,SRP013703,GSM5258613,"Len Pennacchio, LBNL",2021-04-28T04:22:00Z,1,12.5 day,pooled male and female,tissue,ENCDO956IXV,limb,embryonic,healthy,,,,,,,,,,,,,,,,,,,,,,,,,,,,,,,,,,,,,,,,,,,,,,,,,,
SRR14305262,ATAC-seq,100,1562373344,PRJNA63471,SAMN04284152,669183851,GEO,public,"fastq,run.zq,sra","gs,ncbi,s3","gs.us-east1,ncbi.public,s3.us-east-1",SRX10660856,Illumina HiSeq 4000,PAIRED,other,GENOMIC,Mus musculus,ILLUMINA,2021-04-28T00:00:00Z,ENCODE biosample ENCBS814PLT,SRP013703,GSM5258620,"Len Pennacchio, LBNL",2021-04-28T04:13:00Z,1,13.5 day,pooled male and female,tissue,ENCDO956IXV,heart,embryonic,healthy,,,,,,,,,,,,,,,,,,,,,,,,,,,,,,,,,,,,,,,,,,,,,,,,,,
SRR14305263,ATAC-seq,100,1982115676,PRJNA63471,SAMN04284091,847584392,GEO,public,"fastq,run.zq,sra","gs,ncbi,s3","gs.us-east1,ncbi.public,s3.us-east-1",SRX10660857,Illumina HiSeq 4000,PAIRED,other,GENOMIC,Mus musculus,ILLUMINA,2021-04-28T00:00:00Z,ENCODE biosample ENCBS490ZWZ,SRP013703,GSM5258621,"Len Pennacchio, LBNL",2021-04-28T00:59:00Z,1,13.5 day,pooled male and female,tissue,ENCDO956IXV,heart,embryonic,healthy,,,,,,,,,,,,,,,,,,,,,,,,,,,,,,,,,,,,,,,,,,,,,,,,,,
SRR14305264,ATAC-seq,100,2596598949,PRJNA63471,SAMN05202027,1111990736,GEO,public,"fastq,run.zq,sra","gs,ncbi,s3","gs.us-east1,ncbi.public,s3.us-east-1",SRX10660858,Illumina HiSeq 4000,PAIRED,other,GENOMIC,Mus musculus,ILLUMINA,2021-04-28T00:00:00Z,ENCODE biosample ENCBS563AAA,SRP013703,GSM5258622,"Len Pennacchio, LBNL",2021-04-28T07:36:00Z,1,14.5 day,pooled male and female,tissue,ENCDO469XMJ,heart,embryonic,healthy,,,,,,,,,,,,,,,,,,,,,,,,,,,,,,,,,,,,,,,,,,,,,,,,,,
SRR14305265,ATAC-seq,100,3206778935,PRJNA63471,SAMN05202028,1374344832,GEO,public,"fastq,run.zq,sra","gs,ncbi,s3","gs.us-east1,ncbi.public,s3.us-east-1",SRX10660859,Illumina HiSeq 4000,PAIRED,other,GENOMIC,Mus musculus,ILLUMINA,2021-04-28T00:00:00Z,ENCODE biosample ENCBS566AAA,SRP013703,GSM5258623,"Len Pennacchio, LBNL",2021-04-28T07:32:00Z,1,14.5 day,pooled male and female,tissue,ENCDO469XMJ,heart,embryonic,healthy,,,,,,,,,,,,,,,,,,,,,,,,,,,,,,,,,,,,,,,,,,,,,,,,,,
SRR14305271,ATAC-seq,50,901670300,PRJNA63471,SAMN18814589,572680166,GEO,public,"fastq,run.zq,sra","gs,ncbi,s3","gs.us-east1,ncbi.public,s3.us-east-1",SRX10660862,Illumina HiSeq 2500,SINGLE,other,GENOMIC,Mus musculus,ILLUMINA,2021-04-28T00:00:00Z,ENCODE biosample ENCBS586FVL,SRP013703,GSM5258626,"Barbara Wold, Caltech",2021-04-28T05:25:00Z,1,,not collected,tissue,ENCDO956IXV,cerebellum,adult,,,Barbara Wold,,,,,,,,,,,,,,,,,,,,,,,,,,,,,,,,,,,,,,,,,,,,,,,,
SRR14305272,ATAC-seq,50,902646950,PRJNA63471,SAMN18814589,575697727,GEO,public,"fastq,run.zq,sra","gs,ncbi,s3","gs.us-east1,ncbi.public,s3.us-east-1",SRX10660862,Illumina HiSeq 2500,SINGLE,other,GENOMIC,Mus musculus,ILLUMINA,2021-04-27T00:00:00Z,ENCODE biosample ENCBS586FVL,SRP013703,GSM5258626,"Barbara Wold, Caltech",2021-04-27T23:15:00Z,1,,not collected,tissue,ENCDO956IXV,cerebellum,adult,,,Barbara Wold,,,,,,,,,,,,,,,,,,,,,,,,,,,,,,,,,,,,,,,,,,,,,,,,
SRR14305273,ATAC-seq,100,1746243100,PRJNA63471,SAMN18814589,1135145035,GEO,public,"fastq,run.zq,sra","gs,ncbi,s3","gs.us-east1,ncbi.public,s3.us-east-1",SRX10660862,Illumina HiSeq 2500,SINGLE,other,GENOMIC,Mus musculus,ILLUMINA,2021-04-28T00:00:00Z,ENCODE biosample ENCBS586FVL,SRP013703,GSM5258626,"Barbara Wold, Caltech",2021-04-28T06:49:00Z,1,,not collected,tissue,ENCDO956IXV,cerebellum,adult,,,Barbara Wold,,,,,,,,,,,,,,,,,,,,,,,,,,,,,,,,,,,,,,,,,,,,,,,,
SRR14305274,ATAC-seq,100,1743406400,PRJNA63471,SAMN18814589,1129639303,GEO,public,"fastq,run.zq,sra","gs,ncbi,s3","gs.us-east1,ncbi.public,s3.us-east-1",SRX10660862,Illumina HiSeq 2500,SINGLE,other,GENOMIC,Mus musculus,ILLUMINA,2021-04-28T00:00:00Z,ENCODE biosample ENCBS586FVL,SRP013703,GSM5258626,"Barbara Wold, Caltech",2021-04-28T04:19:00Z,1,,not collected,tissue,ENCDO956IXV,cerebellum,adult,,,Barbara Wold,,,,,,,,,,,,,,,,,,,,,,,,,,,,,,,,,,,,,,,,,,,,,,,,
SRR14305323,ATAC-seq,100,4771333551,PRJNA63471,SAMN04283981,2092459534,GEO,public,"fastq,run.zq,sra","gs,ncbi,s3","gs.us-east1,ncbi.public,s3.us-east-1",SRX10660900,Illumina HiSeq 4000,PAIRED,other,GENOMIC,Mus musculus,ILLUMINA,2021-04-27T00:00:00Z,ENCODE biosample ENCBS038AAA,SRP013703,GSM5258664,"Len Pennacchio, LBNL",2021-04-27T16:06:00Z,1,0 day,pooled male and female,tissue,ENCDO469XMJ,forebrain,postnatal,healthy,,,,,,,,,,,,,,,,,,,,,,,,,,,,,,,,,,,,,,,,,,,,,,,,,,
SRR14305324,ATAC-seq,100,4162465060,PRJNA63471,SAMN04284102,1788675340,GEO,public,"fastq,run.zq,sra","gs,ncbi,s3","gs.us-east1,ncbi.public,s3.us-east-1",SRX10660901,Illumina HiSeq 4000,PAIRED,other,GENOMIC,Mus musculus,ILLUMINA,2021-04-28T00:00:00Z,ENCODE biosample ENCBS554AAA,SRP013703,GSM5258665,"Len Pennacchio, LBNL",2021-04-28T05:53:00Z,1,0 day,pooled male and female,tissue,ENCDO469XMJ,forebrain,postnatal,healthy,,,,,,,,,,,,,,,,,,,,,,,,,,,,,,,,,,,,,,,,,,,,,,,,,,
SRR14305341,ATAC-seq,100,4967316054,PRJNA63471,SAMN05202031,2142150886,GEO,public,"fastq,run.zq,sra","gs,ncbi,s3","gs.us-east1,ncbi.public,s3.us-east-1",SRX10660917,Illumina HiSeq 4000,PAIRED,other,GENOMIC,Mus musculus,ILLUMINA,2021-04-28T00:00:00Z,ENCODE biosample ENCBS044AAA,SRP013703,GSM5258681,"Len Pennacchio, LBNL",2021-04-28T03:53:00Z,1,0 day,pooled male and female,tissue,ENCDO469XMJ,intestine,postnatal,healthy,,,,,,,,,,,,,,,,,,,,,,,,,,,,,,,,,,,,,,,,,,,,,,,,,,
SRR14305342,ATAC-seq,100,4475131007,PRJNA63471,SAMN05202034,1927381738,GEO,public,"fastq,run.zq,sra","gs,ncbi,s3","gs.us-east1,ncbi.public,s3.us-east-1",SRX10660918,Illumina HiSeq 4000,PAIRED,other,GENOMIC,Mus musculus,ILLUMINA,2021-04-28T00:00:00Z,ENCODE biosample ENCBS560AAA,SRP013703,GSM5258682,"Len Pennacchio, LBNL",2021-04-28T04:50:00Z,1,0 day,pooled male and female,tissue,ENCDO469XMJ,intestine,postnatal,healthy,,,,,,,,,,,,,,,,,,,,,,,,,,,,,,,,,,,,,,,,,,,,,,,,,,
SRR14305347,ATAC-seq,100,4102746367,PRJNA63471,SAMN04283983,1796589313,GEO,public,"fastq,run.zq,sra","gs,ncbi,s3","gs.us-east1,ncbi.public,s3.us-east-1",SRX10660923,Illumina HiSeq 4000,PAIRED,other,GENOMIC,Mus musculus,ILLUMINA,2021-04-28T00:00:00Z,ENCODE biosample ENCBS040AAA,SRP013703,GSM5258687,"Len Pennacchio, LBNL",2021-04-28T09:21:00Z,1,0 day,pooled male and female,tissue,ENCDO469XMJ,hindbrain,postnatal,healthy,,,,,,,,,,,,,,,,,,,,,,,,,,,,,,,,,,,,,,,,,,,,,,,,,,
SRR14305363,ATAC-seq,100,3772678300,PRJNA63471,SAMN18814552,2283245936,GEO,public,"fastq,run.zq,sra","gs,ncbi,s3","gs.us-east1,ncbi.public,s3.us-east-1",SRX10660939,Illumina HiSeq 2000,PAIRED,other,GENOMIC,Mus musculus,ILLUMINA,2021-04-28T00:00:00Z,ENCODE biosample ENCBS435MTJ,SRP013703,GSM5259243,"Christina Leslie, MSKCC",2021-04-28T10:43:00Z,1,4 month,male,primary cell,ENCDO820VCL,,adult,,,Christina Leslie,,,,,,,,,,,,,,,,,,,,,,,,,,,,,,regulatory T cell,,,,,,,,,,,,,,,,,,
SRR14305374,ATAC-seq,48,3655383360,PRJNA63471,SAMN18814561,2671684429,GEO,public,"fastq,run.zq,sra","gs,ncbi,s3","gs.us-east1,ncbi.public,s3.us-east-1",SRX10660947,Illumina HiSeq 2000,SINGLE,other,GENOMIC,Mus musculus,ILLUMINA,2021-04-27T00:00:00Z,ENCODE biosample ENCBS221ZGT,SRP013703,GSM5259013,"Ross Hardison, PennState",2021-04-27T20:40:00Z,1,5-6 week,male,primary cell,ENCDO072AAA,,adult,,,David Bodine,,,,,,,,,,,,,,,,,,,,,,,,,,,,,,common myeloid progenitor,,,,,,,,,,,,,,,,,,
SRR14305375,ATAC-seq,48,3211279680,PRJNA63471,SAMN18814561,1146703134,GEO,public,"fastq,run.zq,sra","gs,ncbi,s3","gs.us-east1,ncbi.public,s3.us-east-1",SRX10660947,Illumina HiSeq 2000,SINGLE,other,GENOMIC,Mus musculus,ILLUMINA,2021-04-27T00:00:00Z,ENCODE biosample ENCBS221ZGT,SRP013703,GSM5259013,"Ross Hardison, PennState",2021-04-27T22:12:00Z,1,5-6 week,male,primary cell,ENCDO072AAA,,adult,,,David Bodine,,,,,,,,,,,,,,,,,,,,,,,,,,,,,,common myeloid progenitor,,,,,,,,,,,,,,,,,,
SRR14305376,ATAC-seq,48,3337247136,PRJNA63471,SAMN18814566,2431733645,GEO,public,"fastq,run.zq,sra","gs,ncbi,s3","gs.us-east1,ncbi.public,s3.us-east-1",SRX10660948,Illumina HiSeq 2000,SINGLE,other,GENOMIC,Mus musculus,ILLUMINA,2021-04-28T00:00:00Z,ENCODE biosample ENCBS368RVN,SRP013703,GSM5259014,"Ross Hardison, PennState",2021-04-28T07:13:00Z,1,5-6 week,male,primary cell,ENCDO072AAA,,adult,,,David Bodine,,,,,,,,,,,,,,,,,,,,,,,,,,,,,,common myeloid progenitor,,,,,,,,,,,,,,,,,,
SRR14305430,ATAC-seq,100,4054400759,PRJNA63471,SAMN04284103,1746957161,GEO,public,"fastq,run.zq,sra","gs,ncbi,s3","gs.us-east1,ncbi.public,s3.us-east-1",SRX10660992,Illumina HiSeq 4000,PAIRED,other,GENOMIC,Mus musculus,ILLUMINA,2021-04-28T00:00:00Z,ENCODE biosample ENCBS555AAA,SRP013703,GSM5259183,"Len Pennacchio, LBNL",2021-04-28T03:02:00Z,1,0 day,pooled male and female,tissue,ENCDO469XMJ,midbrain,postnatal,healthy,,,,,,,,,,,,,,,,,,,,,,,,,,,,,,,,,,,,,,,,,,,,,,,,,,
SRR14305431,ATAC-seq,100,5936035547,PRJNA63471,SAMN04283982,2663062993,GEO,public,"fastq,run.zq,sra","gs,ncbi,s3","gs.us-east1,ncbi.public,s3.us-east-1",SRX10660993,Illumina HiSeq 4000,PAIRED,other,GENOMIC,Mus musculus,ILLUMINA,2021-04-28T00:00:00Z,ENCODE biosample ENCBS039AAA,SRP013703,GSM5259184,"Len Pennacchio, LBNL",2021-04-28T06:02:00Z,1,0 day,pooled male and female,tissue,ENCDO469XMJ,midbrain,postnatal,healthy,,,,,,,,,,,,,,,,,,,,,,,,,,,,,,,,,,,,,,,,,,,,,,,,,,
SRR14305470,ATAC-seq,100,4868978688,PRJNA63471,SAMN05202026,2149534461,GEO,public,"fastq,run.zq,sra","gs,ncbi,s3","gs.us-east1,ncbi.public,s3.us-east-1",SRX10661020,Illumina HiSeq 4000,PAIRED,other,GENOMIC,Mus musculus,ILLUMINA,2021-04-27T00:00:00Z,ENCODE biosample ENCBS014AAA,SRP013703,GSM5258695,"Len Pennacchio, LBNL",2021-04-27T22:39:00Z,1,14.5 day,pooled male and female,tissue,ENCDO469XMJ,forebrain,embryonic,healthy,,,,,,,,,,,,,,,,,,,,,,,,,,,,,,,,,,,,,,,,,,,,,,,,,,
SRR14305511,ATAC-seq,100,5249310764,PRJNA63471,SAMN05202063,2368669654,GEO,public,"fastq,run.zq,sra","gs,ncbi,s3","gs.us-east1,ncbi.public,s3.us-east-1",SRX10661044,Illumina HiSeq 4000,PAIRED,other,GENOMIC,Mus musculus,ILLUMINA,2021-04-28T00:00:00Z,ENCODE biosample ENCBS406RIE,SRP013703,GSM5258724,"Len Pennacchio, LBNL",2021-04-28T06:48:00Z,1,12.5 day,pooled male and female,tissue,ENCDO956IXV,hindbrain,embryonic,healthy,,,,,,,,,,,,,,,,,,,,,,,,,,,,,,,,,,,,,,,,,,,,,,,,,,
SRR14305512,ATAC-seq,100,5350237165,PRJNA63471,SAMN05202064,2422742148,GEO,public,"fastq,run.zq,sra","gs,ncbi,s3","gs.us-east1,ncbi.public,s3.us-east-1",SRX10661045,Illumina HiSeq 4000,PAIRED,other,GENOMIC,Mus musculus,ILLUMINA,2021-04-28T00:00:00Z,ENCODE biosample ENCBS022IBY,SRP013703,GSM5258725,"Len Pennacchio, LBNL",2021-04-28T04:58:00Z,1,12.5 day,pooled male and female,tissue,ENCDO956IXV,hindbrain,embryonic,healthy,,,,,,,,,,,,,,,,,,,,,,,,,,,,,,,,,,,,,,,,,,,,,,,,,,
SRR14305654,ATAC-seq,100,2427142386,PRJNA63471,SAMN04284177,1040826405,GEO,public,"fastq,run.zq,sra","gs,ncbi,s3","gs.us-east1,ncbi.public,s3.us-east-1",SRX10661185,Illumina HiSeq 4000,PAIRED,other,GENOMIC,Mus musculus,ILLUMINA,2021-04-28T00:00:00Z,ENCODE biosample ENCBS909LOF,SRP013703,GSM5258754,"Len Pennacchio, LBNL",2021-04-28T06:31:00Z,1,15.5 day,pooled male and female,tissue,ENCDO956IXV,heart,embryonic,healthy,,,,,,,,,,,,,,,,,,,,,,,,,,,,,,,,,,,,,,,,,,,,,,,,,,
SRR14305655,ATAC-seq,100,2925780539,PRJNA63471,SAMN04284112,1259118688,GEO,public,"fastq,run.zq,sra","gs,ncbi,s3","gs.us-east1,ncbi.public,s3.us-east-1",SRX10661186,Illumina HiSeq 4000,PAIRED,other,GENOMIC,Mus musculus,ILLUMINA,2021-04-28T00:00:00Z,ENCODE biosample ENCBS595EMK,SRP013703,GSM5258755,"Len Pennacchio, LBNL",2021-04-28T09:16:00Z,1,15.5 day,pooled male and female,tissue,ENCDO956IXV,heart,embryonic,healthy,,,,,,,,,,,,,,,,,,,,,,,,,,,,,,,,,,,,,,,,,,,,,,,,,,
SRR14305703,ATAC-seq,100,5260975130,PRJNA63471,SAMN04284122,2379904129,GEO,public,"fastq,run.zq,sra","gs,ncbi,s3","gs.us-east1,ncbi.public,s3.us-east-1",SRX10661231,Illumina HiSeq 4000,PAIRED,other,GENOMIC,Mus musculus,ILLUMINA,2021-04-27T00:00:00Z,ENCODE biosample ENCBS684MLE,SRP013703,GSM5258771,"Len Pennacchio, LBNL",2021-04-27T23:28:00Z,1,16.5 day,pooled male and female,tissue,ENCDO956IXV,midbrain,embryonic,healthy,,,,,,,,,,,,,,,,,,,,,,,,,,,,,,,,,,,,,,,,,,,,,,,,,,
SRR14305704,ATAC-seq,100,3759990521,PRJNA63471,SAMN04284081,1718224192,GEO,public,"fastq,run.zq,sra","gs,ncbi,s3","gs.us-east1,ncbi.public,s3.us-east-1",SRX10661232,Illumina HiSeq 4000,PAIRED,other,GENOMIC,Mus musculus,ILLUMINA,2021-04-27T00:00:00Z,ENCODE biosample ENCBS463JSE,SRP013703,GSM5258772,"Len Pennacchio, LBNL",2021-04-27T23:42:00Z,1,16.5 day,pooled male and female,tissue,ENCDO956IXV,midbrain,embryonic,healthy,,,,,,,,,,,,,,,,,,,,,,,,,,,,,,,,,,,,,,,,,,,,,,,,,,
SRR14305708,ATAC-seq,100,4655978684,PRJNA63471,SAMN04284064,2028870166,GEO,public,"fastq,run.zq,sra","gs,ncbi,s3","gs.us-east1,ncbi.public,s3.us-east-1",SRX10661235,Illumina HiSeq 4000,PAIRED,other,GENOMIC,Mus musculus,ILLUMINA,2021-04-28T00:00:00Z,ENCODE biosample ENCBS373XWZ,SRP013703,GSM5258776,"Len Pennacchio, LBNL",2021-04-28T07:38:00Z,1,13.5 day,pooled male and female,tissue,ENCDO956IXV,liver,embryonic,healthy,,,,,,,,,,,,,,,,,,,,,,,,,,,,,,,,,,,,,,,,,,,,,,,,,,
SRR14305709,ATAC-seq,100,6086686860,PRJNA63471,SAMN04284015,2658064751,GEO,public,"fastq,run.zq,sra","gs,ncbi,s3","gs.us-east1,ncbi.public,s3.us-east-1",SRX10661236,Illumina HiSeq 4000,PAIRED,other,GENOMIC,Mus musculus,ILLUMINA,2021-04-28T00:00:00Z,ENCODE biosample ENCBS146FGW,SRP013703,GSM5258777,"Len Pennacchio, LBNL",2021-04-28T04:41:00Z,1,13.5 day,pooled male and female,tissue,ENCDO956IXV,liver,embryonic,healthy,,,,,,,,,,,,,,,,,,,,,,,,,,,,,,,,,,,,,,,,,,,,,,,,,,
SRR14305714,ATAC-seq,100,6426665947,PRJNA63471,SAMN05202045,2844547584,GEO,public,"fastq,run.zq,sra","gs,ncbi,s3","gs.us-east1,ncbi.public,s3.us-east-1",SRX10661241,Illumina HiSeq 4000,PAIRED,other,GENOMIC,Mus musculus,ILLUMINA,2021-04-28T00:00:00Z,ENCODE biosample ENCBS042AAA,SRP013703,GSM5258785,"Len Pennacchio, LBNL",2021-04-28T07:14:00Z,1,0 day,pooled male and female,tissue,ENCDO469XMJ,lung,postnatal,healthy,,,,,,,,,,,,,,,,,,,,,,,,,,,,,,,,,,,,,,,,,,,,,,,,,,
SRR14305715,ATAC-seq,100,5193986296,PRJNA63471,SAMN05202048,2317225571,GEO,public,"fastq,run.zq,sra","gs,ncbi,s3","gs.us-east1,ncbi.public,s3.us-east-1",SRX10661242,Illumina HiSeq 4000,PAIRED,other,GENOMIC,Mus musculus,ILLUMINA,2021-04-28T00:00:00Z,ENCODE biosample ENCBS558AAA,SRP013703,GSM5258786,"Len Pennacchio, LBNL",2021-04-28T03:35:00Z,1,0 day,pooled male and female,tissue,ENCDO469XMJ,lung,postnatal,healthy,,,,,,,,,,,,,,,,,,,,,,,,,,,,,,,,,,,,,,,,,,,,,,,,,,
SRR14305716,ATAC-seq,100,5501649030,PRJNA63471,SAMN05202044,2457127121,GEO,public,"fastq,run.zq,sra","gs,ncbi,s3","gs.us-east1,ncbi.public,s3.us-east-1",SRX10661243,Illumina HiSeq 4000,PAIRED,other,GENOMIC,Mus musculus,ILLUMINA,2021-04-28T00:00:00Z,ENCODE biosample ENCBS559AAA,SRP013703,GSM5258787,"Len Pennacchio, LBNL",2021-04-28T06:51:00Z,1,0 day,pooled male and female,tissue,ENCDO469XMJ,liver,postnatal,healthy,,,,,,,,,,,,,,,,,,,,,,,,,,,,,,,,,,,,,,,,,,,,,,,,,,
SRR14305717,ATAC-seq,100,7063786879,PRJNA63471,SAMN05202041,3178103616,GEO,public,"fastq,run.zq,sra","gs,ncbi,s3","gs.us-east1,ncbi.public,s3.us-east-1",SRX10661244,Illumina HiSeq 4000,PAIRED,other,GENOMIC,Mus musculus,ILLUMINA,2021-04-28T00:00:00Z,ENCODE biosample ENCBS043AAA,SRP013703,GSM5258788,"Len Pennacchio, LBNL",2021-04-28T01:32:00Z,1,0 day,pooled male and female,tissue,ENCDO469XMJ,liver,postnatal,healthy,,,,,,,,,,,,,,,,,,,,,,,,,,,,,,,,,,,,,,,,,,,,,,,,,,
SRR14305730,ATAC-seq,48,3768939504,PRJNA63471,SAMN18814571,1527194907,GEO,public,"fastq,run.zq,sra","gs,ncbi,s3","gs.us-east1,ncbi.public,s3.us-east-1",SRX10661254,NextSeq 500,SINGLE,other,GENOMIC,Mus musculus,ILLUMINA,2021-04-28T00:00:00Z,ENCODE biosample ENCBS836RGY,SRP013703,GSM5258800,"Ross Hardison, PennState",2021-04-28T02:55:00Z,1,5-6 week,not collected,primary cell,ENCDO072AAA,,adult,,,David Bodine,,,,,,,,,,,,,,,,,,,,,,,,,,,,,,neutrophil,,,,,,,,,,,,,,,,,,
SRR14305783,ATAC-seq,100,2735831613,PRJNA63471,SAMN04284138,1231717778,GEO,public,"fastq,run.zq,sra","gs,ncbi,s3","gs.us-east1,ncbi.public,s3.us-east-1",SRX10661289,Illumina HiSeq 4000,PAIRED,other,GENOMIC,Mus musculus,ILLUMINA,2021-04-28T00:00:00Z,ENCODE biosample ENCBS764ZZN,SRP013703,GSM5258845,"Len Pennacchio, LBNL",2021-04-28T07:43:00Z,1,13.5 day,pooled male and female,tissue,ENCDO956IXV,embryonic facial prominence,embryonic,healthy,,,,,,,,,,,,,,,,,,,,,,,,,,,,,,,,,,,,,,,,,,,,,,,,,,
SRR14305784,ATAC-seq,100,3074458256,PRJNA63471,SAMN04284159,1373294051,GEO,public,"fastq,run.zq,sra","gs,ncbi,s3","gs.us-east1,ncbi.public,s3.us-east-1",SRX10661290,Illumina HiSeq 4000,PAIRED,other,GENOMIC,Mus musculus,ILLUMINA,2021-04-28T00:00:00Z,ENCODE biosample ENCBS847MIW,SRP013703,GSM5258846,"Len Pennacchio, LBNL",2021-04-28T01:11:00Z,1,13.5 day,pooled male and female,tissue,ENCDO956IXV,embryonic facial prominence,embryonic,healthy,,,,,,,,,,,,,,,,,,,,,,,,,,,,,,,,,,,,,,,,,,,,,,,,,,
SRR14305785,ATAC-seq,100,3209097374,PRJNA63471,SAMN04284156,1426854368,GEO,public,"fastq,run.zq,sra","gs,ncbi,s3","gs.us-east1,ncbi.public,s3.us-east-1",SRX10661291,Illumina HiSeq 4000,PAIRED,other,GENOMIC,Mus musculus,ILLUMINA,2021-04-28T00:00:00Z,ENCODE biosample ENCBS833ZFI,SRP013703,GSM5258847,"Len Pennacchio, LBNL",2021-04-28T09:18:00Z,1,16.5 day,pooled male and female,tissue,ENCDO956IXV,lung,embryonic,healthy,,,,,,,,,,,,,,,,,,,,,,,,,,,,,,,,,,,,,,,,,,,,,,,,,,
SRR14305786,ATAC-seq,100,5958645970,PRJNA63471,SAMN04284066,2665788278,GEO,public,"fastq,run.zq,sra","gs,ncbi,s3","gs.us-east1,ncbi.public,s3.us-east-1",SRX10661292,Illumina HiSeq 4000,PAIRED,other,GENOMIC,Mus musculus,ILLUMINA,2021-04-28T00:00:00Z,ENCODE biosample ENCBS377RBN,SRP013703,GSM5258848,"Len Pennacchio, LBNL",2021-04-28T08:03:00Z,1,16.5 day,pooled male and female,tissue,ENCDO956IXV,lung,embryonic,healthy,,,,,,,,,,,,,,,,,,,,,,,,,,,,,,,,,,,,,,,,,,,,,,,,,,
SRR14305796,ATAC-seq,100,2173722632,PRJNA63471,SAMN04284143,981744581,GEO,public,"fastq,run.zq,sra","gs,ncbi,s3","gs.us-east1,ncbi.public,s3.us-east-1",SRX10661300,Illumina HiSeq 4000,PAIRED,other,GENOMIC,Mus musculus,ILLUMINA,2021-04-28T00:00:00Z,ENCODE biosample ENCBS793TEW,SRP013703,GSM5258860,"Len Pennacchio, LBNL",2021-04-28T09:57:00Z,1,16.5 day,pooled male and female,tissue,ENCDO956IXV,stomach,embryonic,healthy,,,,,,,,,,,,,,,,,,,,,,,,,,,,,,,,,,,,,,,,,,,,,,,,,,
SRR14305797,ATAC-seq,100,4285717521,PRJNA63471,SAMN04284041,1917741830,GEO,public,"fastq,run.zq,sra","gs,ncbi,s3","gs.us-east1,ncbi.public,s3.us-east-1",SRX10661301,Illumina HiSeq 4000,PAIRED,other,GENOMIC,Mus musculus,ILLUMINA,2021-04-27T00:00:00Z,ENCODE biosample ENCBS243DCE,SRP013703,GSM5258861,"Len Pennacchio, LBNL",2021-04-27T23:44:00Z,1,16.5 day,pooled male and female,tissue,ENCDO956IXV,stomach,embryonic,healthy,,,,,,,,,,,,,,,,,,,,,,,,,,,,,,,,,,,,,,,,,,,,,,,,,,
SRR14305814,ATAC-seq,100,4080248742,PRJNA63471,SAMN05202033,1783798090,GEO,public,"fastq,run.zq,sra","gs,ncbi,s3","gs.us-east1,ncbi.public,s3.us-east-1",SRX10661316,Illumina HiSeq 4000,PAIRED,other,GENOMIC,Mus musculus,ILLUMINA,2021-04-27T00:00:00Z,ENCODE biosample ENCBS020AAA,SRP013703,GSM5258881,"Len Pennacchio, LBNL",2021-04-27T23:25:00Z,1,14.5 day,pooled male and female,tissue,ENCDO469XMJ,intestine,embryonic,healthy,,,,,,,,,,,,,,,,,,,,,,,,,,,,,,,,,,,,,,,,,,,,,,,,,,
SRR14305823,ATAC-seq,100,3144687547,PRJNA63471,SAMN04284014,1409924930,GEO,public,"fastq,run.zq,sra","gs,ncbi,s3","gs.us-east1,ncbi.public,s3.us-east-1",SRX10661324,Illumina HiSeq 4000,PAIRED,other,GENOMIC,Mus musculus,ILLUMINA,2021-04-28T00:00:00Z,ENCODE biosample ENCBS141GPQ,SRP013703,GSM5258890,"Len Pennacchio, LBNL",2021-04-28T07:32:00Z,1,11.5 day,pooled male and female,tissue,ENCDO956IXV,embryonic facial prominence,embryonic,healthy,,,,,,,,,,,,,,,,,,,,,,,,,,,,,,,,,,,,,,,,,,,,,,,,,,
SRR14305824,ATAC-seq,100,2981901221,PRJNA63471,SAMN04284085,1337183384,GEO,public,"fastq,run.zq,sra","gs,ncbi,s3","gs.us-east1,ncbi.public,s3.us-east-1",SRX10661325,Illumina HiSeq 4000,PAIRED,other,GENOMIC,Mus musculus,ILLUMINA,2021-04-28T00:00:00Z,ENCODE biosample ENCBS468NAL,SRP013703,GSM5258891,"Len Pennacchio, LBNL",2021-04-28T04:24:00Z,1,11.5 day,pooled male and female,tissue,ENCDO956IXV,embryonic facial prominence,embryonic,healthy,,,,,,,,,,,,,,,,,,,,,,,,,,,,,,,,,,,,,,,,,,,,,,,,,,
SRR14305856,ATAC-seq,100,4897083726,PRJNA63471,SAMN05202070,2134795246,GEO,public,"fastq,run.zq,sra","gs,ncbi,s3","gs.us-east1,ncbi.public,s3.us-east-1",SRX10661342,Illumina HiSeq 4000,PAIRED,other,GENOMIC,Mus musculus,ILLUMINA,2021-04-27T00:00:00Z,ENCODE biosample ENCBS280TPA,SRP013703,GSM5258933,"Len Pennacchio, LBNL",2021-04-27T22:28:00Z,1,12.5 day,pooled male and female,tissue,ENCDO956IXV,midbrain,embryonic,healthy,,,,,,,,,,,,,,,,,,,,,,,,,,,,,,,,,,,,,,,,,,,,,,,,,,
SRR14305866,ATAC-seq,100,2904053013,PRJNA63471,SAMN04284170,1290023391,GEO,public,"fastq,run.zq,sra","gs,ncbi,s3","gs.us-east1,ncbi.public,s3.us-east-1",SRX10661346,Illumina HiSeq 4000,PAIRED,other,GENOMIC,Mus musculus,ILLUMINA,2021-04-27T00:00:00Z,ENCODE biosample ENCBS896ZED,SRP013703,GSM5258956,"Len Pennacchio, LBNL",2021-04-27T23:39:00Z,1,13.5 day,pooled male and female,tissue,ENCDO956IXV,limb,embryonic,healthy,,,,,,,,,,,,,,,,,,,,,,,,,,,,,,,,,,,,,,,,,,,,,,,,,,
SRR14305867,ATAC-seq,100,3634918670,PRJNA63471,SAMN04284021,1629295536,GEO,public,"fastq,run.zq,sra","gs,ncbi,s3","gs.us-east1,ncbi.public,s3.us-east-1",SRX10661347,Illumina HiSeq 4000,PAIRED,other,GENOMIC,Mus musculus,ILLUMINA,2021-04-28T00:00:00Z,ENCODE biosample ENCBS176PGP,SRP013703,GSM5258957,"Len Pennacchio, LBNL",2021-04-28T11:06:00Z,1,13.5 day,pooled male and female,tissue,ENCDO956IXV,limb,embryonic,healthy,,,,,,,,,,,,,,,,,,,,,,,,,,,,,,,,,,,,,,,,,,,,,,,,,,
SRR14305872,ATAC-seq,100,3347579494,PRJNA63471,SAMN04283991,1489001238,GEO,public,"sra,fastq,run.zq","gs,ncbi,s3","gs.us-east1,ncbi.public,s3.us-east-1",SRX10661351,Illumina HiSeq 4000,PAIRED,other,GENOMIC,Mus musculus,ILLUMINA,2021-04-28T00:00:00Z,ENCODE biosample ENCBS066IEL,SRP013703,GSM5258962,"Len Pennacchio, LBNL",2021-04-28T05:34:00Z,1,11.5 day,pooled male and female,tissue,ENCDO956IXV,limb,embryonic,healthy,,,,,,,,,,,,,,,,,,,,,,,,,,,,,,,,,,,,,,,,,,,,,,,,,,
SRR14305885,ATAC-seq,100,5159682080,PRJNA63471,SAMN04284144,2317632497,GEO,public,"fastq,run.zq,sra","gs,ncbi,s3","gs.us-east1,ncbi.public,s3.us-east-1",SRX10661364,Illumina HiSeq 4000,PAIRED,other,GENOMIC,Mus musculus,ILLUMINA,2021-04-28T00:00:00Z,ENCODE biosample ENCBS793ZRY,SRP013703,GSM5258975,"Len Pennacchio, LBNL",2021-04-28T07:44:00Z,1,13.5 day,pooled male and female,tissue,ENCDO956IXV,forebrain,embryonic,healthy,,,,,,,,,,,,,,,,,,,,,,,,,,,,,,,,,,,,,,,,,,,,,,,,,,
SRR14305886,ATAC-seq,100,4992874108,PRJNA63471,SAMN04284045,2258875933,GEO,public,"fastq,run.zq,sra","gs,ncbi,s3","gs.us-east1,ncbi.public,s3.us-east-1",SRX10661365,Illumina HiSeq 4000,PAIRED,other,GENOMIC,Mus musculus,ILLUMINA,2021-04-28T00:00:00Z,ENCODE biosample ENCBS273RVL,SRP013703,GSM5258976,"Len Pennacchio, LBNL",2021-04-28T09:22:00Z,1,13.5 day,pooled male and female,tissue,ENCDO956IXV,forebrain,embryonic,healthy,,,,,,,,,,,,,,,,,,,,,,,,,,,,,,,,,,,,,,,,,,,,,,,,,,
SRR14305887,ATAC-seq,100,4969056994,PRJNA63471,SAMN05202062,2133371188,GEO,public,"fastq,run.zq,sra","gs,ncbi,s3","gs.us-east1,ncbi.public,s3.us-east-1",SRX10661366,Illumina HiSeq 4000,PAIRED,other,GENOMIC,Mus musculus,ILLUMINA,2021-04-28T00:00:00Z,ENCODE biosample ENCBS004ZLN,SRP013703,GSM5258979,"Len Pennacchio, LBNL",2021-04-28T09:58:00Z,1,12.5 day,pooled male and female,tissue,ENCDO956IXV,heart,embryonic,,,,,,,,,,,,,,,,,,,,,,,,,,,,,,,,,,,,,,,,,,,,,,,,,,,
SRR14305888,ATAC-seq,100,4961259750,PRJNA63471,SAMN05202061,2109638510,GEO,public,"fastq,run.zq,sra","gs,ncbi,s3","gs.us-east1,ncbi.public,s3.us-east-1",SRX10661367,Illumina HiSeq 4000,PAIRED,other,GENOMIC,Mus musculus,ILLUMINA,2021-04-27T00:00:00Z,ENCODE biosample ENCBS452TDN,SRP013703,GSM5258980,"Len Pennacchio, LBNL",2021-04-27T23:25:00Z,1,12.5 day,pooled male and female,tissue,ENCDO956IXV,heart,embryonic,healthy,,,,,,,,,,,,,,,,,,,,,,,,,,,,,,,,,,,,,,,,,,,,,,,,,,
SRR14305928,ATAC-seq,100,5341962740,PRJNA63471,SAMN04284146,2343853421,GEO,public,"fastq,run.zq,sra","gs,ncbi,s3","gs.us-east1,ncbi.public,s3.us-east-1",SRX10661400,Illumina HiSeq 4000,PAIRED,other,GENOMIC,Mus musculus,ILLUMINA,2021-04-28T00:00:00Z,ENCODE biosample ENCBS802FTI,SRP013703,GSM5259031,"Len Pennacchio, LBNL",2021-04-28T07:08:00Z,1,11.5 day,pooled male and female,tissue,ENCDO956IXV,midbrain,embryonic,healthy,,,,,,,,,,,,,,,,,,,,,,,,,,,,,,,,,,,,,,,,,,,,,,,,,,
SRR14305929,ATAC-seq,100,7420329556,PRJNA63471,SAMN04284036,3242368559,GEO,public,"fastq,run.zq,sra","gs,ncbi,s3","gs.us-east1,ncbi.public,s3.us-east-1",SRX10661401,Illumina HiSeq 4000,PAIRED,other,GENOMIC,Mus musculus,ILLUMINA,2021-04-28T00:00:00Z,ENCODE biosample ENCBS228OBS,SRP013703,GSM5259032,"Len Pennacchio, LBNL",2021-04-28T00:00:00Z,1,11.5 day,pooled male and female,tissue,ENCDO956IXV,midbrain,embryonic,healthy,,,,,,,,,,,,,,,,,,,,,,,,,,,,,,,,,,,,,,,,,,,,,,,,,,
SRR14305943,ATAC-seq,100,4916104001,PRJNA63471,SAMN05202050,2212309240,GEO,public,"fastq,run.zq,sra","gs,ncbi,s3","gs.us-east1,ncbi.public,s3.us-east-1",SRX10661412,Illumina HiSeq 4000,PAIRED,other,GENOMIC,Mus musculus,ILLUMINA,2021-04-27T00:00:00Z,ENCODE biosample ENCBS015AAA,SRP013703,GSM5259056,"Len Pennacchio, LBNL",2021-04-27T23:29:00Z,1,14.5 day,pooled male and female,tissue,ENCDO469XMJ,midbrain,embryonic,healthy,,,,,,,,,,,,,,,,,,,,,,,,,,,,,,,,,,,,,,,,,,,,,,,,,,
SRR14305944,ATAC-seq,100,5435950421,PRJNA63471,SAMN05202049,2404913292,GEO,public,"fastq,run.zq,sra","gs,ncbi,s3","gs.us-east1,ncbi.public,s3.us-east-1",SRX10661413,Illumina HiSeq 4000,PAIRED,other,GENOMIC,Mus musculus,ILLUMINA,2021-04-28T00:00:00Z,ENCODE biosample ENCBS003AAA,SRP013703,GSM5259057,"Len Pennacchio, LBNL",2021-04-28T08:54:00Z,1,14.5 day,pooled male and female,tissue,ENCDO469XMJ,midbrain,embryonic,healthy,,,,,,,,,,,,,,,,,,,,,,,,,,,,,,,,,,,,,,,,,,,,,,,,,,
SRR14305945,ATAC-seq,100,4271154331,PRJNA63471,SAMN04284052,1925124115,GEO,public,"fastq,run.zq,sra","gs,ncbi,s3","gs.us-east1,ncbi.public,s3.us-east-1",SRX10661414,Illumina HiSeq 4000,PAIRED,other,GENOMIC,Mus musculus,ILLUMINA,2021-04-27T00:00:00Z,ENCODE biosample ENCBS296PIR,SRP013703,GSM5259058,"Len Pennacchio, LBNL",2021-04-27T22:23:00Z,1,13.5 day,pooled male and female,tissue,ENCDO956IXV,hindbrain,embryonic,healthy,,,,,,,,,,,,,,,,,,,,,,,,,,,,,,,,,,,,,,,,,,,,,,,,,,
SRR14305946,ATAC-seq,100,4454921921,PRJNA63471,SAMN04283987,2012857479,GEO,public,"fastq,run.zq,sra","gs,ncbi,s3","gs.us-east1,ncbi.public,s3.us-east-1",SRX10661415,Illumina HiSeq 4000,PAIRED,other,GENOMIC,Mus musculus,ILLUMINA,2021-04-28T00:00:00Z,ENCODE biosample ENCBS052EWC,SRP013703,GSM5259059,"Len Pennacchio, LBNL",2021-04-28T09:50:00Z,1,13.5 day,pooled male and female,tissue,ENCDO956IXV,hindbrain,embryonic,healthy,,,,,,,,,,,,,,,,,,,,,,,,,,,,,,,,,,,,,,,,,,,,,,,,,,
SRR14306037,ATAC-seq,100,3489975461,PRJNA63471,SAMN04284132,1540431987,GEO,public,"fastq,run.zq,sra","gs,ncbi,s3","gs.us-east1,ncbi.public,s3.us-east-1",SRX10661485,Illumina HiSeq 4000,PAIRED,other,GENOMIC,Mus musculus,ILLUMINA,2021-04-28T00:00:00Z,ENCODE biosample ENCBS735QNY,SRP013703,GSM5259154,"Len Pennacchio, LBNL",2021-04-28T09:17:00Z,1,15.5 day,pooled male and female,tissue,ENCDO956IXV,limb,embryonic,healthy,,,,,,,,,,,,,,,,,,,,,,,,,,,,,,,,,,,,,,,,,,,,,,,,,,
SRR14306038,ATAC-seq,100,3149060960,PRJNA63471,SAMN04284124,1397270055,GEO,public,"fastq,run.zq,sra","gs,ncbi,s3","gs.us-east1,ncbi.public,s3.us-east-1",SRX10661486,Illumina HiSeq 4000,PAIRED,other,GENOMIC,Mus musculus,ILLUMINA,2021-04-27T00:00:00Z,ENCODE biosample ENCBS696JKV,SRP013703,GSM5259155,"Len Pennacchio, LBNL",2021-04-27T22:20:00Z,1,15.5 day,pooled male and female,tissue,ENCDO956IXV,limb,embryonic,healthy,,,,,,,,,,,,,,,,,,,,,,,,,,,,,,,,,,,,,,,,,,,,,,,,,,
SRR14306061,ATAC-seq,50,3372345850,PRJNA63471,SAMN18814519,1181216515,GEO,public,"fastq,run.zq,sra","gs,ncbi,s3","gs.us-east1,ncbi.public,s3.us-east-1",SRX10661506,Illumina HiSeq 2000,SINGLE,other,GENOMIC,Mus musculus,ILLUMINA,2021-04-27T00:00:00Z,ENCODE biosample ENCBS529DMU,SRP013703,GSM5259181,"Ross Hardison, PennState",2021-04-27T22:09:00Z,1,0 day,male,cell line,ENCDO072AAA,,postnatal,,,Unknown Source,,,,,,,,,,,,,,,,,,,,,,,,,,,,,,,G1E-ER4,,,,,,,,,,,,,treatment_term_id: CHEBI:16469; treatment_term_name: 17Beta-estradiol; treatment_type: chemical; duration: 24; duration_units: hour; UCSC-ENCODE-cv:diffProtD_24hr;,,,,
SRR14306062,ATAC-seq,50,3501174600,PRJNA63471,SAMN18814521,1222335801,GEO,public,"fastq,run.zq,sra","gs,ncbi,s3","gs.us-east1,ncbi.public,s3.us-east-1",SRX10661507,Illumina HiSeq 2000,SINGLE,other,GENOMIC,Mus musculus,ILLUMINA,2021-04-28T00:00:00Z,ENCODE biosample ENCBS840HQL,SRP013703,GSM5259182,"Ross Hardison, PennState",2021-04-28T02:46:00Z,1,0 day,male,cell line,ENCDO072AAA,,postnatal,,,Unknown Source,,,,,,,,,,,,,,,,,,,,,,,,,,,,,,,G1E-ER4,,,,,,,,,,,,,treatment_term_id: CHEBI:16469; treatment_term_name: 17Beta-estradiol; treatment_type: chemical; duration: 24; duration_units: hour; UCSC-ENCODE-cv:diffProtD_24hr;,,,,
SRR14306095,ATAC-seq,100,4158866165,PRJNA63471,SAMN04284190,1926731675,GEO,public,"fastq,run.zq,sra","gs,ncbi,s3","gs.us-east1,ncbi.public,s3.us-east-1",SRX10661529,Illumina HiSeq 4000,PAIRED,other,GENOMIC,Mus musculus,ILLUMINA,2021-04-28T00:00:00Z,ENCODE biosample ENCBS956BQY,SRP013703,GSM5259213,"Len Pennacchio, LBNL",2021-04-28T06:46:00Z,1,13.5 day,pooled male and female,tissue,ENCDO956IXV,neural tube,embryonic,healthy,,,,,,,,,,,,,,,,,,,,,,,,,,,,,,,,,,,,,,,,,,,,,,,,,,
SRR14306096,ATAC-seq,100,3267898226,PRJNA63471,SAMN04284100,1518176831,GEO,public,"fastq,run.zq,sra","gs,ncbi,s3","gs.us-east1,ncbi.public,s3.us-east-1",SRX10661530,Illumina HiSeq 4000,PAIRED,other,GENOMIC,Mus musculus,ILLUMINA,2021-04-28T00:00:00Z,ENCODE biosample ENCBS549OYR,SRP013703,GSM5259214,"Len Pennacchio, LBNL",2021-04-28T10:43:00Z,1,13.5 day,pooled male and female,tissue,ENCDO956IXV,neural tube,embryonic,healthy,,,,,,,,,,,,,,,,,,,,,,,,,,,,,,,,,,,,,,,,,,,,,,,,,,
SRR14306099,ATAC-seq,100,3183003702,PRJNA63471,SAMN05202052,1477402982,GEO,public,"fastq,run.zq,sra","gs,ncbi,s3","gs.us-east1,ncbi.public,s3.us-east-1",SRX10661533,Illumina HiSeq 4000,PAIRED,other,GENOMIC,Mus musculus,ILLUMINA,2021-04-28T00:00:00Z,ENCODE biosample ENCBS025AAA,SRP013703,GSM5259218,"Len Pennacchio, LBNL",2021-04-28T09:54:00Z,1,14.5 day,pooled male and female,tissue,ENCDO469XMJ,neural tube,embryonic,healthy,,,,,,,,,,,,,,,,,,,,,,,,,,,,,,,,,,,,,,,,,,,,,,,,,,
SRR14306100,ATAC-seq,100,5661184269,PRJNA63471,SAMN18814549,2473603382,GEO,public,"fastq,run.zq,sra","gs,ncbi,s3","gs.us-east1,ncbi.public,s3.us-east-1",SRX10661534,Illumina HiSeq 4000,PAIRED,other,GENOMIC,Mus musculus,ILLUMINA,2021-04-28T00:00:00Z,ENCODE biosample ENCBS037AAA,SRP013703,GSM5259219,"Len Pennacchio, LBNL",2021-04-28T07:54:00Z,1,14.5 day,pooled male and female,tissue,ENCDO469XMJ,neural tube,embryonic,healthy,,Len Pennacchio,,,,,,,,,,,,,,,,,,,,,,,,,,,,,,,,,,,,,,,,,,,,,,,,
SRR14306111,ATAC-seq,100,5843220393,PRJNA63471,SAMN04284162,2561741510,GEO,public,"fastq,run.zq,sra","gs,ncbi,s3","gs.us-east1,ncbi.public,s3.us-east-1",SRX10661541,Illumina HiSeq 4000,PAIRED,other,GENOMIC,Mus musculus,ILLUMINA,2021-04-28T00:00:00Z,ENCODE biosample ENCBS856EWN,SRP013703,GSM5259227,"Len Pennacchio, LBNL",2021-04-28T09:24:00Z,1,16.5 day,pooled male and female,tissue,ENCDO956IXV,intestine,embryonic,healthy,,,,,,,,,,,,,,,,,,,,,,,,,,,,,,,,,,,,,,,,,,,,,,,,,,
SRR14306112,ATAC-seq,100,5684772904,PRJNA63471,SAMN04283994,2473129474,GEO,public,"fastq,run.zq,sra","gs,ncbi,s3","gs.us-east1,ncbi.public,s3.us-east-1",SRX10661542,Illumina HiSeq 4000,PAIRED,other,GENOMIC,Mus musculus,ILLUMINA,2021-04-28T00:00:00Z,ENCODE biosample ENCBS072GMU,SRP013703,GSM5259228,"Len Pennacchio, LBNL",2021-04-28T05:45:00Z,1,16.5 day,pooled male and female,tissue,ENCDO956IXV,intestine,embryonic,healthy,,,,,,,,,,,,,,,,,,,,,,,,,,,,,,,,,,,,,,,,,,,,,,,,,,
SRR14306115,ATAC-seq,99,4207141308,PRJNA63471,SAMN04283984,1767837901,GEO,public,"fastq,run.zq,sra","gs,ncbi,s3","gs.us-east1,ncbi.public,s3.us-east-1",SRX10661545,Illumina HiSeq 4000,PAIRED,other,GENOMIC,Mus musculus,ILLUMINA,2021-04-28T00:00:00Z,ENCODE biosample ENCBS041AAA,SRP013703,GSM5259231,"Len Pennacchio, LBNL",2021-04-28T11:16:00Z,1,0 day,pooled male and female,tissue,ENCDO469XMJ,heart,postnatal,healthy,,,,,,,,,,,,,,,,,,,,,,,,,,,,,,,,,,,,,,,,,,,,,,,,,,
SRR14306134,ATAC-seq,48,5384046096,PRJNA63471,SAMN18814567,3673513769,GEO,public,"fastq,run.zq,sra","gs,ncbi,s3","gs.us-east1,ncbi.public,s3.us-east-1",SRX10661556,Illumina HiSeq 2000,SINGLE,other,GENOMIC,Mus musculus,ILLUMINA,2021-04-28T00:00:00Z,ENCODE biosample ENCBS453ERE,SRP013703,GSM5259245,"Ross Hardison, PennState",2021-04-28T09:49:00Z,1,5-6 week,male,primary cell,ENCDO072AAA,,adult,,,David Bodine,,,,,,,,,,,,,,,,,,,,,,,,,,,,,,megakaryocyte progenitor cell,,,,,,,,,,,,,,,,,,
SRR14306135,ATAC-seq,48,5029766448,PRJNA63471,SAMN18814556,3447824759,GEO,public,"fastq,run.zq,sra","gs,ncbi,s3","gs.us-east1,ncbi.public,s3.us-east-1",SRX10661557,Illumina HiSeq 2000,SINGLE,other,GENOMIC,Mus musculus,ILLUMINA,2021-04-27T00:00:00Z,ENCODE biosample ENCBS040ECE,SRP013703,GSM5259246,"Ross Hardison, PennState",2021-04-27T22:48:00Z,1,5-6 week,male,primary cell,ENCDO072AAA,,adult,,,David Bodine,,,,,,,,,,,,,,,,,,,,,,,,,,,,,,megakaryocyte progenitor cell,,,,,,,,,,,,,,,,,,
SRR14306136,ATAC-seq,48,1955725296,PRJNA63471,SAMN18814556,711734149,GEO,public,"fastq,run.zq,sra","gs,ncbi,s3","gs.us-east1,ncbi.public,s3.us-east-1",SRX10661557,Illumina HiSeq 2000,SINGLE,other,GENOMIC,Mus musculus,ILLUMINA,2021-04-28T00:00:00Z,ENCODE biosample ENCBS040ECE,SRP013703,GSM5259246,"Ross Hardison, PennState",2021-04-28T01:22:00Z,1,5-6 week,male,primary cell,ENCDO072AAA,,adult,,,David Bodine,,,,,,,,,,,,,,,,,,,,,,,,,,,,,,megakaryocyte progenitor cell,,,,,,,,,,,,,,,,,,
SRR14306138,ATAC-seq,48,3436987008,PRJNA63471,SAMN18814558,2276318063,GEO,public,"fastq,run.zq,sra","gs,ncbi,s3","gs.us-east1,ncbi.public,s3.us-east-1",SRX10661559,Illumina HiSeq 2000,SINGLE,other,GENOMIC,Mus musculus,ILLUMINA,2021-04-28T00:00:00Z,ENCODE biosample ENCBS075YGO,SRP013703,GSM5259250,"Ross Hardison, PennState",2021-04-28T05:00:00Z,1,5-6 week,male,primary cell,ENCDO072AAA,,adult,,,David Bodine,,,,,,,,,,,,,,,,,,,,,,,,,,,,,,hematopoietic stem cell,,,,,,,,,,,,,,,,,,
SRR14306139,ATAC-seq,48,4030904064,PRJNA63471,SAMN18814564,2704122649,GEO,public,"fastq,run.zq,sra","gs,ncbi,s3","gs.us-east1,ncbi.public,s3.us-east-1",SRX10661560,Illumina HiSeq 2000,SINGLE,other,GENOMIC,Mus musculus,ILLUMINA,2021-04-28T00:00:00Z,ENCODE biosample ENCBS301PDO,SRP013703,GSM5259251,"Ross Hardison, PennState",2021-04-28T03:12:00Z,1,5-6 week,male,primary cell,ENCDO072AAA,,adult,,,David Bodine,,,,,,,,,,,,,,,,,,,,,,,,,,,,,,hematopoietic stem cell,,,,,,,,,,,,,,,,,,
SRR14306155,ATAC-seq,100,3847166530,PRJNA63471,SAMN04284095,1710610883,GEO,public,"fastq,run.zq,sra","gs,ncbi,s3","gs.us-east1,ncbi.public,s3.us-east-1",SRX10661574,Illumina HiSeq 4000,PAIRED,other,GENOMIC,Mus musculus,ILLUMINA,2021-04-28T00:00:00Z,ENCODE biosample ENCBS529OHA,SRP013703,GSM5259267,"Len Pennacchio, LBNL",2021-04-28T02:58:00Z,1,16.5 day,pooled male and female,tissue,ENCDO956IXV,kidney,embryonic,healthy,,,,,,,,,,,,,,,,,,,,,,,,,,,,,,,,,,,,,,,,,,,,,,,,,,
SRR14306156,ATAC-seq,99,4672988101,PRJNA63471,SAMN04284093,2063187584,GEO,public,"fastq,run.zq,sra","gs,ncbi,s3","gs.us-east1,ncbi.public,s3.us-east-1",SRX10661575,Illumina HiSeq 4000,PAIRED,other,GENOMIC,Mus musculus,ILLUMINA,2021-04-28T00:00:00Z,ENCODE biosample ENCBS519MUD,SRP013703,GSM5259268,"Len Pennacchio, LBNL",2021-04-28T03:51:00Z,1,16.5 day,pooled male and female,tissue,ENCDO956IXV,kidney,embryonic,healthy,,,,,,,,,,,,,,,,,,,,,,,,,,,,,,,,,,,,,,,,,,,,,,,,,,
SRR14306176,ATAC-seq,100,2844504005,PRJNA63471,SAMN04284193,1307686924,GEO,public,"fastq,run.zq,sra","gs,ncbi,s3","gs.us-east1,ncbi.public,s3.us-east-1",SRX10661593,Illumina HiSeq 4000,PAIRED,other,GENOMIC,Mus musculus,ILLUMINA,2021-04-28T00:00:00Z,ENCODE biosample ENCBS966PAM,SRP013703,GSM5259299,"Len Pennacchio, LBNL",2021-04-28T04:44:00Z,1,15.5 day,pooled male and female,tissue,ENCDO956IXV,liver,embryonic,healthy,,,,,,,,,,,,,,,,,,,,,,,,,,,,,,,,,,,,,,,,,,,,,,,,,,
SRR14306177,ATAC-seq,100,4657043986,PRJNA63471,SAMN04284131,2134583235,GEO,public,"fastq,run.zq,sra","gs,ncbi,s3","gs.us-east1,ncbi.public,s3.us-east-1",SRX10661594,Illumina HiSeq 4000,PAIRED,other,GENOMIC,Mus musculus,ILLUMINA,2021-04-28T00:00:00Z,ENCODE biosample ENCBS734ENZ,SRP013703,GSM5259300,"Len Pennacchio, LBNL",2021-04-28T10:06:00Z,1,15.5 day,pooled male and female,tissue,ENCDO956IXV,liver,embryonic,healthy,,,,,,,,,,,,,,,,,,,,,,,,,,,,,,,,,,,,,,,,,,,,,,,,,,
SRR14306185,ATAC-seq,100,2682641200,PRJNA63471,SAMN18814576,1632141002,GEO,public,"fastq,run.zq,sra","gs,ncbi,s3","gs.us-east1,ncbi.public,s3.us-east-1",SRX10661602,Illumina HiSeq 2000,PAIRED,other,GENOMIC,Mus musculus,ILLUMINA,2021-04-27T00:00:00Z,ENCODE biosample ENCBS150UAG,SRP013703,GSM5259309,"Christina Leslie, MSKCC",2021-04-27T22:31:00Z,1,6 month,male,primary cell,ENCDO820VCL,,adult,,,Christina Leslie,,,,,,,,,,,,,,,,,,,,,,,,,,,,,,inflammation-experienced regulatory T-cells,,,,,,,,,,,,,,,,,,
SRR14306186,ATAC-seq,100,1891384200,PRJNA63471,SAMN18814576,1112497612,GEO,public,"fastq,run.zq,sra","gs,ncbi,s3","gs.us-east1,ncbi.public,s3.us-east-1",SRX10661603,Illumina HiSeq 2000,PAIRED,other,GENOMIC,Mus musculus,ILLUMINA,2021-04-28T00:00:00Z,ENCODE biosample ENCBS150UAG,SRP013703,GSM5259310,"Christina Leslie, MSKCC",2021-04-28T01:01:00Z,1,6 month,male,primary cell,ENCDO820VCL,,adult,,,Christina Leslie,,,,,,,,,,,,,,,,,,,,,,,,,,,,,,inflammation-experienced regulatory T-cells,,,,,,,,,,,,,,,,,,
